[{"model": "auth.permission", "pk": 1, "fields": {"name": "Can add log entry", "content_type": 1, "codename": "add_logentry"}}, {"model": "auth.permission", "pk": 2, "fields": {"name": "Can change log entry", "content_type": 1, "codename": "change_logentry"}}, {"model": "auth.permission", "pk": 3, "fields": {"name": "Can delete log entry", "content_type": 1, "codename": "delete_logentry"}}, {"model": "auth.permission", "pk": 4, "fields": {"name": "Can view log entry", "content_type": 1, "codename": "view_logentry"}}, {"model": "auth.permission", "pk": 5, "fields": {"name": "Can add permission", "content_type": 2, "codename": "add_permission"}}, {"model": "auth.permission", "pk": 6, "fields": {"name": "Can change permission", "content_type": 2, "codename": "change_permission"}}, {"model": "auth.permission", "pk": 7, "fields": {"name": "Can delete permission", "content_type": 2, "codename": "delete_permission"}}, {"model": "auth.permission", "pk": 8, "fields": {"name": "Can view permission", "content_type": 2, "codename": "view_permission"}}, {"model": "auth.permission", "pk": 9, "fields": {"name": "Can add group", "content_type": 3, "codename": "add_group"}}, {"model": "auth.permission", "pk": 10, "fields": {"name": "Can change group", "content_type": 3, "codename": "change_group"}}, {"model": "auth.permission", "pk": 11, "fields": {"name": "Can delete group", "content_type": 3, "codename": "delete_group"}}, {"model": "auth.permission", "pk": 12, "fields": {"name": "Can view group", "content_type": 3, "codename": "view_group"}}, {"model": "auth.permission", "pk": 13, "fields": {"name": "Can add user", "content_type": 4, "codename": "add_user"}}, {"model": "auth.permission", "pk": 14, "fields": {"name": "Can change user", "content_type": 4, "codename": "change_user"}}, {"model": "auth.permission", "pk": 15, "fields": {"name": "Can delete user", "content_type": 4, "codename": "delete_user"}}, {"model": "auth.permission", "pk": 16, "fields": {"name": "Can view user", "content_type": 4, "codename": "view_user"}}, {"model": "auth.permission", "pk": 17, "fields": {"name": "Can add content type", "content_type": 5, "codename": "add_contenttype"}}, {"model": "auth.permission", "pk": 18, "fields": {"name": "Can change content type", "content_type": 5, "codename": "change_contenttype"}}, {"model": "auth.permission", "pk": 19, "fields": {"name": "Can delete content type", "content_type": 5, "codename": "delete_contenttype"}}, {"model": "auth.permission", "pk": 20, "fields": {"name": "Can view content type", "content_type": 5, "codename": "view_contenttype"}}, {"model": "auth.permission", "pk": 21, "fields": {"name": "Can add session", "content_type": 6, "codename": "add_session"}}, {"model": "auth.permission", "pk": 22, "fields": {"name": "Can change session", "content_type": 6, "codename": "change_session"}}, {"model": "auth.permission", "pk": 23, "fields": {"name": "Can delete session", "content_type": 6, "codename": "delete_session"}}, {"model": "auth.permission", "pk": 24, "fields": {"name": "Can view session", "content_type": 6, "codename": "view_session"}}, {"model": "auth.permission", "pk": 25, "fields": {"name": "Can add author", "content_type": 7, "codename": "add_author"}}, {"model": "auth.permission", "pk": 26, "fields": {"name": "Can change author", "content_type": 7, "codename": "change_author"}}, {"model": "auth.permission", "pk": 27, "fields": {"name": "Can delete author", "content_type": 7, "codename": "delete_author"}}, {"model": "auth.permission", "pk": 28, "fields": {"name": "Can view author", "content_type": 7, "codename": "view_author"}}, {"model": "auth.permission", "pk": 29, "fields": {"name": "Can add book", "content_type": 8, "codename": "add_book"}}, {"model": "auth.permission", "pk": 30, "fields": {"name": "Can change book", "content_type": 8, "codename": "change_book"}}, {"model": "auth.permission", "pk": 31, "fields": {"name": "Can delete book", "content_type": 8, "codename": "delete_book"}}, {"model": "auth.permission", "pk": 32, "fields": {"name": "Can view book", "content_type": 8, "codename": "view_book"}}, {"model": "auth.permission", "pk": 33, "fields": {"name": "Can add publisher", "content_type": 9, "codename": "add_publisher"}}, {"model": "auth.permission", "pk": 34, "fields": {"name": "Can change publisher", "content_type": 9, "codename": "change_publisher"}}, {"model": "auth.permission", "pk": 35, "fields": {"name": "Can delete publisher", "content_type": 9, "codename": "delete_publisher"}}, {"model": "auth.permission", "pk": 36, "fields": {"name": "Can view publisher", "content_type": 9, "codename": "view_publisher"}}, {"model": "auth.permission", "pk": 37, "fields": {"name": "Can add store", "content_type": 10, "codename": "add_store"}}, {"model": "auth.permission", "pk": 38, "fields": {"name": "Can change store", "content_type": 10, "codename": "change_store"}}, {"model": "auth.permission", "pk": 39, "fields": {"name": "Can delete store", "content_type": 10, "codename": "delete_store"}}, {"model": "auth.permission", "pk": 40, "fields": {"name": "Can view store", "content_type": 10, "codename": "view_store"}}, {"model": "auth.user", "pk": 1, "fields": {"password": "pbkdf2_sha256$320000$TcROck3xrxJo6yI7qm75rz$8tqGo6rJYytvCWH229tGRSNKBJs48qvIu0qB7I7iHh0=", "last_login": "2022-01-20T15:52:54.537Z", "is_superuser": true, "username": "admin", "first_name": "", "last_name": "", "email": "admin@noreply.com", "is_staff": true, "is_active": true, "date_joined": "2022-01-20T15:52:49.669Z", "groups": [], "user_permissions": []}}, {"model": "contenttypes.contenttype", "pk": 1, "fields": {"app_label": "admin", "model": "logentry"}}, {"model": "contenttypes.contenttype", "pk": 2, "fields": {"app_label": "auth", "model": "permission"}}, {"model": "contenttypes.contenttype", "pk": 3, "fields": {"app_label": "auth", "model": "group"}}, {"model": "contenttypes.contenttype", "pk": 4, "fields": {"app_label": "auth", "model": "user"}}, {"model": "contenttypes.contenttype", "pk": 5, "fields": {"app_label": "contenttypes", "model": "contenttype"}}, {"model": "contenttypes.contenttype", "pk": 6, "fields": {"app_label": "sessions", "model": "session"}}, {"model": "contenttypes.contenttype", "pk": 7, "fields": {"app_label": "hw11", "model": "author"}}, {"model": "contenttypes.contenttype", "pk": 8, "fields": {"app_label": "hw11", "model": "book"}}, {"model": "contenttypes.contenttype", "pk": 9, "fields": {"app_label": "hw11", "model": "publisher"}}, {"model": "contenttypes.contenttype", "pk": 10, "fields": {"app_label": "hw11", "model": "store"}}, {"model": "sessions.session", "pk": "khc32n6dny12nlwue0bqmp9vyemvzne7", "fields": {"session_data": ".eJxVjMEOwiAQBf-FsyHAgoBH7_0GsrAgVQNJaU_Gf9cmPej1zcx7sYDbWsM28hJmYhcm2el3i5geue2A7thunafe1mWOfFf4QQefOuXn9XD_DiqO-q2jUKUU4yw5X0pOJntPmqRQOhWpwQKIrMBRsgZV9GgwurMAdAITSMHeH_d4N_s:1nAZk6:Gv-v6blQD-nBCnu-dwybz1tOCXV17Qrap9538cEEjP4", "expire_date": "2022-02-03T15:52:54.585Z"}}, {"model": "hw11.author", "pk": 1, "fields": {"name": "Scott Mitchell", "age": 30}}, {"model": "hw11.author", "pk": 2, "fields": {"name": "Scott Raymond", "age": 26}}, {"model": "hw11.author", "pk": 3, "fields": {"name": "Kimberly Warner", "age": 37}}, {"model": "hw11.author", "pk": 4, "fields": {"name": "Randall Phillips", "age": 17}}, {"model": "hw11.author", "pk": 5, "fields": {"name": "Jimmy Weaver", "age": 36}}, {"model": "hw11.author", "pk": 6, "fields": {"name": "Rebecca Klein", "age": 41}}, {"model": "hw11.author", "pk": 7, "fields": {"name": "Cindy Bowman", "age": 60}}, {"model": "hw11.author", "pk": 8, "fields": {"name": "Mitchell Hartman", "age": 92}}, {"model": "hw11.author", "pk": 9, "fields": {"name": "Donna Barr", "age": 50}}, {"model": "hw11.author", "pk": 10, "fields": {"name": "Donna Patel", "age": 94}}, {"model": "hw11.author", "pk": 11, "fields": {"name": "Thomas Fleming", "age": 61}}, {"model": "hw11.author", "pk": 12, "fields": {"name": "Jennifer Bruce", "age": 33}}, {"model": "hw11.author", "pk": 13, "fields": {"name": "Stephanie Lee", "age": 69}}, {"model": "hw11.author", "pk": 14, "fields": {"name": "Teresa Lambert", "age": 53}}, {"model": "hw11.author", "pk": 15, "fields": {"name": "Sandra Alvarez", "age": 46}}, {"model": "hw11.author", "pk": 16, "fields": {"name": "Ashley Holloway", "age": 27}}, {"model": "hw11.author", "pk": 17, "fields": {"name": "Brandon Sanders", "age": 32}}, {"model": "hw11.author", "pk": 18, "fields": {"name": "Megan Cunningham", "age": 45}}, {"model": "hw11.author", "pk": 19, "fields": {"name": "James Shepherd", "age": 90}}, {"model": "hw11.author", "pk": 20, "fields": {"name": "Erica Garcia", "age": 66}}, {"model": "hw11.author", "pk": 21, "fields": {"name": "Mrs. Julie Wade", "age": 82}}, {"model": "hw11.author", "pk": 22, "fields": {"name": "Mrs. Sarah Barnes", "age": 58}}, {"model": "hw11.author", "pk": 23, "fields": {"name": "Corey Scott", "age": 77}}, {"model": "hw11.author", "pk": 24, "fields": {"name": "Jennifer Chavez", "age": 82}}, {"model": "hw11.author", "pk": 25, "fields": {"name": "Reginald Holloway", "age": 88}}, {"model": "hw11.author", "pk": 26, "fields": {"name": "Judith Rodriguez", "age": 40}}, {"model": "hw11.author", "pk": 27, "fields": {"name": "Timothy Sanford", "age": 69}}, {"model": "hw11.author", "pk": 28, "fields": {"name": "William Maldonado", "age": 69}}, {"model": "hw11.author", "pk": 29, "fields": {"name": "Sharon Martin", "age": 30}}, {"model": "hw11.author", "pk": 30, "fields": {"name": "Marilyn Jacobson", "age": 45}}, {"model": "hw11.author", "pk": 31, "fields": {"name": "Anita Forbes", "age": 98}}, {"model": "hw11.author", "pk": 32, "fields": {"name": "Brandon Brooks", "age": 45}}, {"model": "hw11.author", "pk": 33, "fields": {"name": "Robert Silva", "age": 50}}, {"model": "hw11.author", "pk": 34, "fields": {"name": "Andrew Kim", "age": 95}}, {"model": "hw11.author", "pk": 35, "fields": {"name": "Mary Robinson", "age": 73}}, {"model": "hw11.author", "pk": 36, "fields": {"name": "Sherri Jordan", "age": 18}}, {"model": "hw11.author", "pk": 37, "fields": {"name": "Thomas Barnes", "age": 42}}, {"model": "hw11.author", "pk": 38, "fields": {"name": "Mark Strong", "age": 76}}, {"model": "hw11.author", "pk": 39, "fields": {"name": "Erin Adams", "age": 97}}, {"model": "hw11.author", "pk": 40, "fields": {"name": "Douglas Edwards", "age": 43}}, {"model": "hw11.author", "pk": 41, "fields": {"name": "Richard Fernandez", "age": 19}}, {"model": "hw11.author", "pk": 42, "fields": {"name": "Kristin Smith", "age": 45}}, {"model": "hw11.author", "pk": 43, "fields": {"name": "Pamela Cantu", "age": 41}}, {"model": "hw11.author", "pk": 44, "fields": {"name": "Jonathan Meza", "age": 64}}, {"model": "hw11.author", "pk": 45, "fields": {"name": "Kyle Adams", "age": 62}}, {"model": "hw11.author", "pk": 46, "fields": {"name": "Emily Mitchell", "age": 21}}, {"model": "hw11.author", "pk": 47, "fields": {"name": "Patricia Brock", "age": 95}}, {"model": "hw11.author", "pk": 48, "fields": {"name": "Ronald Chaney", "age": 42}}, {"model": "hw11.author", "pk": 49, "fields": {"name": "Beverly Neal", "age": 56}}, {"model": "hw11.author", "pk": 50, "fields": {"name": "Roy Cherry", "age": 35}}, {"model": "hw11.author", "pk": 51, "fields": {"name": "Tyler Davis", "age": 59}}, {"model": "hw11.author", "pk": 52, "fields": {"name": "Katherine Munoz", "age": 65}}, {"model": "hw11.author", "pk": 53, "fields": {"name": "Megan Maldonado", "age": 91}}, {"model": "hw11.author", "pk": 54, "fields": {"name": "Ronald Howell", "age": 55}}, {"model": "hw11.author", "pk": 55, "fields": {"name": "Caroline Williams", "age": 62}}, {"model": "hw11.author", "pk": 56, "fields": {"name": "Charles Johnson", "age": 87}}, {"model": "hw11.author", "pk": 57, "fields": {"name": "Brandon Roy", "age": 32}}, {"model": "hw11.author", "pk": 58, "fields": {"name": "Marie Fitzpatrick", "age": 19}}, {"model": "hw11.author", "pk": 59, "fields": {"name": "Madison Underwood", "age": 97}}, {"model": "hw11.author", "pk": 60, "fields": {"name": "Joseph Martin", "age": 81}}, {"model": "hw11.author", "pk": 61, "fields": {"name": "James Harris", "age": 88}}, {"model": "hw11.author", "pk": 62, "fields": {"name": "Randy Gonzalez", "age": 91}}, {"model": "hw11.author", "pk": 63, "fields": {"name": "Lauren Johnson", "age": 94}}, {"model": "hw11.author", "pk": 64, "fields": {"name": "Omar Irwin", "age": 68}}, {"model": "hw11.author", "pk": 65, "fields": {"name": "Jeremy Rowe", "age": 43}}, {"model": "hw11.author", "pk": 66, "fields": {"name": "Joshua Moore", "age": 55}}, {"model": "hw11.author", "pk": 67, "fields": {"name": "Alexander Martinez", "age": 73}}, {"model": "hw11.author", "pk": 68, "fields": {"name": "Melissa Horton", "age": 51}}, {"model": "hw11.author", "pk": 69, "fields": {"name": "Joseph Zamora", "age": 43}}, {"model": "hw11.author", "pk": 70, "fields": {"name": "Alexis Cannon", "age": 50}}, {"model": "hw11.author", "pk": 71, "fields": {"name": "Jerry Sims", "age": 95}}, {"model": "hw11.author", "pk": 72, "fields": {"name": "Sara Walsh", "age": 72}}, {"model": "hw11.author", "pk": 73, "fields": {"name": "Angel Johnson", "age": 47}}, {"model": "hw11.author", "pk": 74, "fields": {"name": "David Bryant", "age": 78}}, {"model": "hw11.author", "pk": 75, "fields": {"name": "Robert Gonzalez PhD", "age": 97}}, {"model": "hw11.author", "pk": 76, "fields": {"name": "Jamie Rodgers", "age": 40}}, {"model": "hw11.author", "pk": 77, "fields": {"name": "Dylan Poole", "age": 39}}, {"model": "hw11.author", "pk": 78, "fields": {"name": "Elijah Solis", "age": 51}}, {"model": "hw11.author", "pk": 79, "fields": {"name": "Keith Barton", "age": 18}}, {"model": "hw11.author", "pk": 80, "fields": {"name": "Glenn Mcdaniel", "age": 97}}, {"model": "hw11.author", "pk": 81, "fields": {"name": "Tyrone Donaldson", "age": 18}}, {"model": "hw11.author", "pk": 82, "fields": {"name": "Kaitlyn Lopez", "age": 90}}, {"model": "hw11.author", "pk": 83, "fields": {"name": "Debbie Martinez", "age": 83}}, {"model": "hw11.author", "pk": 84, "fields": {"name": "Anthony Harris", "age": 29}}, {"model": "hw11.author", "pk": 85, "fields": {"name": "Carl Cruz", "age": 47}}, {"model": "hw11.author", "pk": 86, "fields": {"name": "Melissa Carpenter", "age": 90}}, {"model": "hw11.author", "pk": 87, "fields": {"name": "Kathryn Jones", "age": 76}}, {"model": "hw11.author", "pk": 88, "fields": {"name": "Amanda Carter", "age": 56}}, {"model": "hw11.author", "pk": 89, "fields": {"name": "Jesse Kline", "age": 34}}, {"model": "hw11.author", "pk": 90, "fields": {"name": "Melissa Jones", "age": 82}}, {"model": "hw11.author", "pk": 91, "fields": {"name": "Tracy Francis", "age": 74}}, {"model": "hw11.author", "pk": 92, "fields": {"name": "Brandy Krause", "age": 18}}, {"model": "hw11.author", "pk": 93, "fields": {"name": "Donna Huffman DDS", "age": 69}}, {"model": "hw11.author", "pk": 94, "fields": {"name": "John White", "age": 22}}, {"model": "hw11.author", "pk": 95, "fields": {"name": "Tammy Wilson", "age": 80}}, {"model": "hw11.author", "pk": 96, "fields": {"name": "Aaron Blake", "age": 35}}, {"model": "hw11.author", "pk": 97, "fields": {"name": "Jesse Hudson", "age": 71}}, {"model": "hw11.author", "pk": 98, "fields": {"name": "Brittany Gonzalez", "age": 60}}, {"model": "hw11.author", "pk": 99, "fields": {"name": "James Crawford", "age": 76}}, {"model": "hw11.author", "pk": 100, "fields": {"name": "Samantha Bradley", "age": 47}}, {"model": "hw11.author", "pk": 101, "fields": {"name": "Kaitlyn Guzman", "age": 20}}, {"model": "hw11.author", "pk": 102, "fields": {"name": "Sharon Booker", "age": 28}}, {"model": "hw11.author", "pk": 103, "fields": {"name": "Edward Benitez", "age": 46}}, {"model": "hw11.author", "pk": 104, "fields": {"name": "Travis Lopez", "age": 87}}, {"model": "hw11.author", "pk": 105, "fields": {"name": "Peter Contreras", "age": 41}}, {"model": "hw11.author", "pk": 106, "fields": {"name": "Teresa Morales", "age": 47}}, {"model": "hw11.author", "pk": 107, "fields": {"name": "Thomas Love", "age": 35}}, {"model": "hw11.author", "pk": 108, "fields": {"name": "Dawn Torres", "age": 95}}, {"model": "hw11.author", "pk": 109, "fields": {"name": "Matthew Morris", "age": 17}}, {"model": "hw11.author", "pk": 110, "fields": {"name": "Phillip Vaughn", "age": 49}}, {"model": "hw11.author", "pk": 111, "fields": {"name": "Alex Douglas", "age": 35}}, {"model": "hw11.author", "pk": 112, "fields": {"name": "Derrick Gardner", "age": 29}}, {"model": "hw11.author", "pk": 113, "fields": {"name": "Jonathan Guzman", "age": 28}}, {"model": "hw11.author", "pk": 114, "fields": {"name": "Briana Bray", "age": 82}}, {"model": "hw11.author", "pk": 115, "fields": {"name": "Tiffany Brooks", "age": 89}}, {"model": "hw11.author", "pk": 116, "fields": {"name": "Daniel Hurley", "age": 74}}, {"model": "hw11.author", "pk": 117, "fields": {"name": "Sherry Smith MD", "age": 53}}, {"model": "hw11.author", "pk": 118, "fields": {"name": "Gerald Robbins", "age": 30}}, {"model": "hw11.author", "pk": 119, "fields": {"name": "Anthony Davis", "age": 20}}, {"model": "hw11.author", "pk": 120, "fields": {"name": "Micheal Cantu", "age": 21}}, {"model": "hw11.author", "pk": 121, "fields": {"name": "Carla Sweeney", "age": 66}}, {"model": "hw11.author", "pk": 122, "fields": {"name": "Dr. Joshua Jones PhD", "age": 26}}, {"model": "hw11.author", "pk": 123, "fields": {"name": "Linda Nelson", "age": 28}}, {"model": "hw11.author", "pk": 124, "fields": {"name": "Justin Serrano", "age": 35}}, {"model": "hw11.author", "pk": 125, "fields": {"name": "Amber Collier", "age": 71}}, {"model": "hw11.author", "pk": 126, "fields": {"name": "Carrie Campos", "age": 66}}, {"model": "hw11.author", "pk": 127, "fields": {"name": "Kristen White", "age": 34}}, {"model": "hw11.author", "pk": 128, "fields": {"name": "Jeffrey Flores", "age": 95}}, {"model": "hw11.author", "pk": 129, "fields": {"name": "Jacqueline Collins", "age": 17}}, {"model": "hw11.author", "pk": 130, "fields": {"name": "Alvin Clark", "age": 18}}, {"model": "hw11.author", "pk": 131, "fields": {"name": "Michael Stephens", "age": 86}}, {"model": "hw11.author", "pk": 132, "fields": {"name": "Jeffrey Chapman", "age": 62}}, {"model": "hw11.author", "pk": 133, "fields": {"name": "Jose Archer", "age": 98}}, {"model": "hw11.author", "pk": 134, "fields": {"name": "Shelley Armstrong", "age": 48}}, {"model": "hw11.author", "pk": 135, "fields": {"name": "Latoya Anderson", "age": 49}}, {"model": "hw11.author", "pk": 136, "fields": {"name": "Tracy Brown", "age": 69}}, {"model": "hw11.author", "pk": 137, "fields": {"name": "Jose Golden", "age": 96}}, {"model": "hw11.author", "pk": 138, "fields": {"name": "Caleb Rowe", "age": 70}}, {"model": "hw11.author", "pk": 139, "fields": {"name": "Patrick Lopez", "age": 29}}, {"model": "hw11.author", "pk": 140, "fields": {"name": "Crystal Cain", "age": 16}}, {"model": "hw11.author", "pk": 141, "fields": {"name": "Edward Davis", "age": 86}}, {"model": "hw11.author", "pk": 142, "fields": {"name": "Sharon Jones", "age": 74}}, {"model": "hw11.author", "pk": 143, "fields": {"name": "Brian James", "age": 84}}, {"model": "hw11.author", "pk": 144, "fields": {"name": "Tyler Ward", "age": 58}}, {"model": "hw11.author", "pk": 145, "fields": {"name": "Mr. William Morrison Jr.", "age": 85}}, {"model": "hw11.author", "pk": 146, "fields": {"name": "Logan Evans", "age": 88}}, {"model": "hw11.author", "pk": 147, "fields": {"name": "Mary Kane", "age": 35}}, {"model": "hw11.author", "pk": 148, "fields": {"name": "Michelle Lin", "age": 64}}, {"model": "hw11.author", "pk": 149, "fields": {"name": "Kyle Greer", "age": 94}}, {"model": "hw11.author", "pk": 150, "fields": {"name": "Mr. Steven Ross", "age": 63}}, {"model": "hw11.publisher", "pk": 1, "fields": {"name": "Nicole Wolf Publishing House"}}, {"model": "hw11.publisher", "pk": 2, "fields": {"name": "Andrew Moore Publishing House"}}, {"model": "hw11.publisher", "pk": 3, "fields": {"name": "Ronald Stewart Publishing House"}}, {"model": "hw11.publisher", "pk": 4, "fields": {"name": "Ashley Solomon Publishing House"}}, {"model": "hw11.publisher", "pk": 5, "fields": {"name": "Julie Johnson Publishing House"}}, {"model": "hw11.publisher", "pk": 6, "fields": {"name": "Diane Porter Publishing House"}}, {"model": "hw11.publisher", "pk": 7, "fields": {"name": "Miss Barbara Garrison Publishing House"}}, {"model": "hw11.publisher", "pk": 8, "fields": {"name": "Nathan Fleming Publishing House"}}, {"model": "hw11.publisher", "pk": 9, "fields": {"name": "Angela Brooks Publishing House"}}, {"model": "hw11.publisher", "pk": 10, "fields": {"name": "Cheryl Taylor DDS Publishing House"}}, {"model": "hw11.publisher", "pk": 11, "fields": {"name": "Penny Perry Publishing House"}}, {"model": "hw11.publisher", "pk": 12, "fields": {"name": "Gina Taylor Publishing House"}}, {"model": "hw11.publisher", "pk": 13, "fields": {"name": "Caitlyn Smith Publishing House"}}, {"model": "hw11.publisher", "pk": 14, "fields": {"name": "Lisa Davidson Publishing House"}}, {"model": "hw11.publisher", "pk": 15, "fields": {"name": "Michelle Sandoval Publishing House"}}, {"model": "hw11.publisher", "pk": 16, "fields": {"name": "Richard Wu Publishing House"}}, {"model": "hw11.publisher", "pk": 17, "fields": {"name": "Amy Medina PhD Publishing House"}}, {"model": "hw11.publisher", "pk": 18, "fields": {"name": "Edwin Best Publishing House"}}, {"model": "hw11.publisher", "pk": 19, "fields": {"name": "Kristin Jones Publishing House"}}, {"model": "hw11.publisher", "pk": 20, "fields": {"name": "Stephanie Walters Publishing House"}}, {"model": "hw11.publisher", "pk": 21, "fields": {"name": "Paul Brewer Publishing House"}}, {"model": "hw11.publisher", "pk": 22, "fields": {"name": "William Lee Publishing House"}}, {"model": "hw11.publisher", "pk": 23, "fields": {"name": "Susan Copeland Publishing House"}}, {"model": "hw11.publisher", "pk": 24, "fields": {"name": "Lance Black Publishing House"}}, {"model": "hw11.publisher", "pk": 25, "fields": {"name": "Carolyn Koch Publishing House"}}, {"model": "hw11.book", "pk": 1, "fields": {"name": "Chronicles of Tammy Holland", "pages": 1568, "price": "24.58", "rating": 3.71, "publisher": 17, "pubdate": "1949-02-25", "authors": [48]}}, {"model": "hw11.book", "pk": 2, "fields": {"name": "The kid of Eddie Lynn", "pages": 1913, "price": "40.84", "rating": 0.13, "publisher": 14, "pubdate": "1966-07-30", "authors": [138]}}, {"model": "hw11.book", "pk": 3, "fields": {"name": "The kid of Scott Gonzalez", "pages": 1024, "price": "31.44", "rating": 2.89, "publisher": 5, "pubdate": "1900-03-09", "authors": [122, 145]}}, {"model": "hw11.book", "pk": 4, "fields": {"name": "Unforgettable July", "pages": 2396, "price": "49.58", "rating": 1.49, "publisher": 2, "pubdate": "1910-03-21", "authors": [60, 78]}}, {"model": "hw11.book", "pk": 5, "fields": {"name": "The Adventures of Donna Garrett", "pages": 1235, "price": "26.94", "rating": 2.42, "publisher": 3, "pubdate": "1990-06-17", "authors": [11, 112, 139]}}, {"model": "hw11.book", "pk": 6, "fields": {"name": "The Adventures of Wanda Scott", "pages": 2202, "price": "52.43", "rating": 2.34, "publisher": 16, "pubdate": "1972-07-03", "authors": [49, 84, 116]}}, {"model": "hw11.book", "pk": 7, "fields": {"name": "Biography of Patrick Brown", "pages": 2057, "price": "36.14", "rating": 3.97, "publisher": 22, "pubdate": "1938-09-12", "authors": [117]}}, {"model": "hw11.book", "pk": 8, "fields": {"name": "Biography of Jessica Medina", "pages": 1129, "price": "10.81", "rating": 1.08, "publisher": 4, "pubdate": "1920-12-13", "authors": [21, 41, 100]}}, {"model": "hw11.book", "pk": 9, "fields": {"name": "The kid of John Henry", "pages": 603, "price": "53.28", "rating": 2.92, "publisher": 11, "pubdate": "1947-09-21", "authors": [53, 106, 142]}}, {"model": "hw11.book", "pk": 10, "fields": {"name": "The kid of Hailey Scott", "pages": 317, "price": "11.76", "rating": 1.72, "publisher": 7, "pubdate": "1922-03-28", "authors": [39, 105, 129]}}, {"model": "hw11.book", "pk": 11, "fields": {"name": "Chronicles of Emily Donaldson", "pages": 2381, "price": "43.38", "rating": 1.54, "publisher": 5, "pubdate": "1939-04-26", "authors": [2]}}, {"model": "hw11.book", "pk": 12, "fields": {"name": "Unforgettable January", "pages": 855, "price": "41.88", "rating": 4.1, "publisher": 8, "pubdate": "1983-05-28", "authors": [44]}}, {"model": "hw11.book", "pk": 13, "fields": {"name": "The kid of Jay Rojas", "pages": 2309, "price": "42.72", "rating": 2.24, "publisher": 4, "pubdate": "1961-06-27", "authors": [17, 33]}}, {"model": "hw11.book", "pk": 14, "fields": {"name": "Unforgettable October", "pages": 2094, "price": "15.07", "rating": 3.2, "publisher": 18, "pubdate": "1893-09-03", "authors": [99, 132]}}, {"model": "hw11.book", "pk": 15, "fields": {"name": "The kid of Kevin Olson", "pages": 649, "price": "23.58", "rating": 0.85, "publisher": 9, "pubdate": "1968-12-08", "authors": [13, 147, 149]}}, {"model": "hw11.book", "pk": 16, "fields": {"name": "The Adventures of Lauren Allen", "pages": 786, "price": "36.99", "rating": 1.13, "publisher": 22, "pubdate": "1998-01-25", "authors": [99]}}, {"model": "hw11.book", "pk": 17, "fields": {"name": "Chronicles of Patrick Fry", "pages": 1602, "price": "19.85", "rating": 0.49, "publisher": 9, "pubdate": "1990-12-02", "authors": [134, 146]}}, {"model": "hw11.book", "pk": 18, "fields": {"name": "The kid of Keith Nunez", "pages": 850, "price": "39.01", "rating": 2.73, "publisher": 24, "pubdate": "1976-03-06", "authors": [33, 43, 71]}}, {"model": "hw11.book", "pk": 19, "fields": {"name": "The Adventures of Kyle Riley", "pages": 1946, "price": "14.63", "rating": 1.23, "publisher": 1, "pubdate": "1943-11-27", "authors": [144]}}, {"model": "hw11.book", "pk": 20, "fields": {"name": "The kid of Jimmy Olson", "pages": 960, "price": "32.96", "rating": 1.67, "publisher": 2, "pubdate": "1899-08-31", "authors": [13, 36, 69]}}, {"model": "hw11.book", "pk": 21, "fields": {"name": "Unforgettable October", "pages": 1884, "price": "32.28", "rating": 1.53, "publisher": 19, "pubdate": "1940-09-28", "authors": [92, 97, 107]}}, {"model": "hw11.book", "pk": 22, "fields": {"name": "Biography of Stephen Holmes", "pages": 2051, "price": "44.24", "rating": 0.4, "publisher": 12, "pubdate": "1899-08-16", "authors": [8, 115]}}, {"model": "hw11.book", "pk": 23, "fields": {"name": "The Journey of Tracey Jacobs", "pages": 1518, "price": "55.98", "rating": 0.83, "publisher": 25, "pubdate": "1897-12-10", "authors": [7, 77]}}, {"model": "hw11.book", "pk": 24, "fields": {"name": "Biography of William Ramirez", "pages": 208, "price": "23.65", "rating": 0.48, "publisher": 8, "pubdate": "1925-02-07", "authors": [142]}}, {"model": "hw11.book", "pk": 25, "fields": {"name": "The Adventures of Benjamin Martin", "pages": 2414, "price": "25.49", "rating": 2.39, "publisher": 14, "pubdate": "1969-10-20", "authors": [9, 65, 124]}}, {"model": "hw11.book", "pk": 26, "fields": {"name": "Chronicles of Erika Koch", "pages": 2515, "price": "56.94", "rating": 2.92, "publisher": 19, "pubdate": "1940-02-20", "authors": [7, 35, 116]}}, {"model": "hw11.book", "pk": 27, "fields": {"name": "Unforgettable March", "pages": 1753, "price": "42.58", "rating": 3.5, "publisher": 9, "pubdate": "1905-03-25", "authors": [33, 74, 148]}}, {"model": "hw11.book", "pk": 28, "fields": {"name": "The Adventures of Chad Hayes", "pages": 2196, "price": "27.37", "rating": 4.59, "publisher": 24, "pubdate": "1951-09-17", "authors": [7, 130]}}, {"model": "hw11.book", "pk": 29, "fields": {"name": "The kid of Elizabeth Stevens", "pages": 580, "price": "16.08", "rating": 3.05, "publisher": 7, "pubdate": "2004-09-21", "authors": [116]}}, {"model": "hw11.book", "pk": 30, "fields": {"name": "The Adventures of Kathy Harrell", "pages": 1950, "price": "44.12", "rating": 1.28, "publisher": 23, "pubdate": "1948-08-13", "authors": [33, 57]}}, {"model": "hw11.book", "pk": 31, "fields": {"name": "Unforgettable September", "pages": 1155, "price": "37.65", "rating": 1.68, "publisher": 5, "pubdate": "1936-09-14", "authors": [35, 39, 102]}}, {"model": "hw11.book", "pk": 32, "fields": {"name": "The Journey of Jesse Anderson", "pages": 802, "price": "50.49", "rating": 1.03, "publisher": 5, "pubdate": "1900-07-18", "authors": [9, 45]}}, {"model": "hw11.book", "pk": 33, "fields": {"name": "Unforgettable July", "pages": 829, "price": "51.04", "rating": 1.52, "publisher": 5, "pubdate": "1999-08-02", "authors": [31, 84, 108]}}, {"model": "hw11.book", "pk": 34, "fields": {"name": "The Adventures of Jennifer Johnston", "pages": 1739, "price": "30.58", "rating": 3.98, "publisher": 2, "pubdate": "1900-03-05", "authors": [35, 111, 148]}}, {"model": "hw11.book", "pk": 35, "fields": {"name": "The Adventures of Nancy Brown", "pages": 2806, "price": "10.11", "rating": 2.25, "publisher": 15, "pubdate": "2001-09-02", "authors": [56, 116]}}, {"model": "hw11.book", "pk": 36, "fields": {"name": "Unforgettable December", "pages": 515, "price": "52.00", "rating": 3.23, "publisher": 13, "pubdate": "1972-01-01", "authors": [31, 35]}}, {"model": "hw11.book", "pk": 37, "fields": {"name": "Biography of Ryan Johnson", "pages": 851, "price": "41.35", "rating": 3.48, "publisher": 20, "pubdate": "1906-07-25", "authors": [110]}}, {"model": "hw11.book", "pk": 38, "fields": {"name": "The Journey of Mrs. Bridget Perez DDS", "pages": 169, "price": "33.26", "rating": 2.83, "publisher": 10, "pubdate": "1893-03-06", "authors": [135]}}, {"model": "hw11.book", "pk": 39, "fields": {"name": "Chronicles of Shelley Shelton", "pages": 1359, "price": "17.35", "rating": 0.03, "publisher": 13, "pubdate": "1999-04-12", "authors": [27, 77, 84]}}, {"model": "hw11.book", "pk": 40, "fields": {"name": "The kid of Heather Martin", "pages": 2081, "price": "26.07", "rating": 2.13, "publisher": 24, "pubdate": "1950-07-22", "authors": [141]}}, {"model": "hw11.book", "pk": 41, "fields": {"name": "Chronicles of William Stevens", "pages": 2217, "price": "36.46", "rating": 3.27, "publisher": 11, "pubdate": "1896-07-20", "authors": [60, 138, 147]}}, {"model": "hw11.book", "pk": 42, "fields": {"name": "Chronicles of Jerry Grant", "pages": 2913, "price": "55.28", "rating": 1.31, "publisher": 2, "pubdate": "2004-02-15", "authors": [38, 39, 106]}}, {"model": "hw11.book", "pk": 43, "fields": {"name": "Unforgettable June", "pages": 1927, "price": "15.65", "rating": 2.14, "publisher": 25, "pubdate": "1958-07-14", "authors": [22]}}, {"model": "hw11.book", "pk": 44, "fields": {"name": "The Adventures of Joshua Nielsen", "pages": 1259, "price": "55.27", "rating": 4.32, "publisher": 19, "pubdate": "1999-04-29", "authors": [20, 37]}}, {"model": "hw11.book", "pk": 45, "fields": {"name": "The Adventures of Cathy Wilson", "pages": 2040, "price": "27.15", "rating": 2.47, "publisher": 15, "pubdate": "1941-06-08", "authors": [84]}}, {"model": "hw11.book", "pk": 46, "fields": {"name": "Chronicles of John Walters", "pages": 2813, "price": "58.94", "rating": 3.27, "publisher": 19, "pubdate": "1999-11-21", "authors": [2, 106]}}, {"model": "hw11.book", "pk": 47, "fields": {"name": "Unforgettable February", "pages": 1162, "price": "45.77", "rating": 0.53, "publisher": 14, "pubdate": "1955-09-05", "authors": [19, 25, 62]}}, {"model": "hw11.book", "pk": 48, "fields": {"name": "Unforgettable June", "pages": 272, "price": "17.76", "rating": 1.68, "publisher": 2, "pubdate": "1959-01-10", "authors": [30, 66]}}, {"model": "hw11.book", "pk": 49, "fields": {"name": "Chronicles of Shawn Coleman", "pages": 1569, "price": "45.18", "rating": 1.74, "publisher": 11, "pubdate": "1977-07-31", "authors": [18, 23, 116]}}, {"model": "hw11.book", "pk": 50, "fields": {"name": "The Adventures of Kylie Adams", "pages": 2270, "price": "51.75", "rating": 1.29, "publisher": 12, "pubdate": "1951-09-07", "authors": [91]}}, {"model": "hw11.book", "pk": 51, "fields": {"name": "Biography of Kerri Gilmore", "pages": 1966, "price": "56.09", "rating": 2.59, "publisher": 4, "pubdate": "1897-12-14", "authors": [118]}}, {"model": "hw11.book", "pk": 52, "fields": {"name": "The kid of Linda George", "pages": 2333, "price": "38.76", "rating": 3.35, "publisher": 13, "pubdate": "1972-12-14", "authors": [7, 37, 59]}}, {"model": "hw11.book", "pk": 53, "fields": {"name": "Unforgettable June", "pages": 2351, "price": "15.10", "rating": 4.02, "publisher": 23, "pubdate": "1907-07-10", "authors": [6, 30]}}, {"model": "hw11.book", "pk": 54, "fields": {"name": "The Journey of Erica Clark", "pages": 2716, "price": "12.94", "rating": 4.53, "publisher": 8, "pubdate": "1986-12-25", "authors": [72]}}, {"model": "hw11.book", "pk": 55, "fields": {"name": "The kid of Rachel Jones", "pages": 2766, "price": "57.73", "rating": 3.65, "publisher": 15, "pubdate": "1943-08-09", "authors": [31, 85]}}, {"model": "hw11.book", "pk": 56, "fields": {"name": "The Journey of Carla Perez", "pages": 2570, "price": "18.99", "rating": 1.1, "publisher": 6, "pubdate": "1918-08-30", "authors": [81]}}, {"model": "hw11.book", "pk": 57, "fields": {"name": "The Adventures of Frank Taylor", "pages": 899, "price": "47.46", "rating": 3.92, "publisher": 13, "pubdate": "1940-03-06", "authors": [52, 65, 110]}}, {"model": "hw11.book", "pk": 58, "fields": {"name": "The Adventures of Joe Morris", "pages": 1073, "price": "11.19", "rating": 1.15, "publisher": 12, "pubdate": "1970-12-04", "authors": [4, 121]}}, {"model": "hw11.book", "pk": 59, "fields": {"name": "Biography of Juan Diaz", "pages": 2365, "price": "49.76", "rating": 3.84, "publisher": 16, "pubdate": "1923-11-03", "authors": [40, 133]}}, {"model": "hw11.book", "pk": 60, "fields": {"name": "Chronicles of Denise Herrera", "pages": 1208, "price": "44.39", "rating": 3.33, "publisher": 25, "pubdate": "1976-07-04", "authors": [79, 85]}}, {"model": "hw11.book", "pk": 61, "fields": {"name": "Chronicles of William Shea", "pages": 1301, "price": "47.18", "rating": 4.82, "publisher": 1, "pubdate": "1921-07-26", "authors": [66, 82, 124]}}, {"model": "hw11.book", "pk": 62, "fields": {"name": "The kid of Joan Kaiser", "pages": 2551, "price": "41.05", "rating": 0.96, "publisher": 25, "pubdate": "1966-12-23", "authors": [62]}}, {"model": "hw11.book", "pk": 63, "fields": {"name": "The Adventures of Kelli Park", "pages": 1091, "price": "42.93", "rating": 1.26, "publisher": 23, "pubdate": "1929-09-22", "authors": [17, 87, 145]}}, {"model": "hw11.book", "pk": 64, "fields": {"name": "The kid of Lucas Duarte", "pages": 1741, "price": "26.99", "rating": 4.55, "publisher": 21, "pubdate": "1923-03-07", "authors": [49, 88, 104]}}, {"model": "hw11.book", "pk": 65, "fields": {"name": "Chronicles of Michael Bennett", "pages": 2442, "price": "16.97", "rating": 1.25, "publisher": 17, "pubdate": "1926-04-28", "authors": [14, 45, 149]}}, {"model": "hw11.book", "pk": 66, "fields": {"name": "The Journey of Alex Simmons", "pages": 1020, "price": "55.76", "rating": 3.34, "publisher": 11, "pubdate": "1988-09-12", "authors": [19, 76, 95]}}, {"model": "hw11.book", "pk": 67, "fields": {"name": "Chronicles of Mary Bryant", "pages": 605, "price": "13.20", "rating": 4.02, "publisher": 5, "pubdate": "1941-07-04", "authors": [66, 70, 148]}}, {"model": "hw11.book", "pk": 68, "fields": {"name": "Unforgettable January", "pages": 1651, "price": "56.19", "rating": 4.14, "publisher": 4, "pubdate": "1903-05-03", "authors": [16, 33]}}, {"model": "hw11.book", "pk": 69, "fields": {"name": "Chronicles of Christy Carlson", "pages": 1736, "price": "22.02", "rating": 0.41, "publisher": 17, "pubdate": "1923-06-02", "authors": [48, 62, 109]}}, {"model": "hw11.book", "pk": 70, "fields": {"name": "Chronicles of Zachary Johnson", "pages": 2202, "price": "23.10", "rating": 0.2, "publisher": 17, "pubdate": "1997-07-10", "authors": [20]}}, {"model": "hw11.book", "pk": 71, "fields": {"name": "The Adventures of Destiny Ramsey", "pages": 2632, "price": "17.66", "rating": 4.31, "publisher": 13, "pubdate": "1914-10-23", "authors": [68, 142, 143]}}, {"model": "hw11.book", "pk": 72, "fields": {"name": "Chronicles of Jesse Guzman", "pages": 2443, "price": "17.72", "rating": 2.87, "publisher": 5, "pubdate": "1900-09-24", "authors": [12, 100, 124]}}, {"model": "hw11.book", "pk": 73, "fields": {"name": "Unforgettable August", "pages": 1776, "price": "34.81", "rating": 0.44, "publisher": 2, "pubdate": "1982-05-11", "authors": [71]}}, {"model": "hw11.book", "pk": 74, "fields": {"name": "Biography of Mr. Kyle Marshall", "pages": 2154, "price": "45.17", "rating": 3.87, "publisher": 16, "pubdate": "1896-11-21", "authors": [6, 45, 109]}}, {"model": "hw11.book", "pk": 75, "fields": {"name": "Biography of Andrea Cruz", "pages": 1450, "price": "43.67", "rating": 4.6, "publisher": 17, "pubdate": "2005-08-28", "authors": [24]}}, {"model": "hw11.book", "pk": 76, "fields": {"name": "Biography of Cynthia Dunn", "pages": 164, "price": "40.12", "rating": 1.82, "publisher": 23, "pubdate": "1931-06-25", "authors": [3]}}, {"model": "hw11.book", "pk": 77, "fields": {"name": "The kid of Nicole Collins", "pages": 649, "price": "33.46", "rating": 0.99, "publisher": 12, "pubdate": "1923-07-20", "authors": [75, 132]}}, {"model": "hw11.book", "pk": 78, "fields": {"name": "The kid of Luis Vazquez", "pages": 2544, "price": "25.76", "rating": 4.1, "publisher": 23, "pubdate": "1905-04-29", "authors": [73]}}, {"model": "hw11.book", "pk": 79, "fields": {"name": "The Journey of Beverly Scott", "pages": 288, "price": "18.59", "rating": 4.74, "publisher": 21, "pubdate": "1941-01-23", "authors": [134]}}, {"model": "hw11.book", "pk": 80, "fields": {"name": "The Adventures of Rebecca Silva", "pages": 327, "price": "18.76", "rating": 0.66, "publisher": 3, "pubdate": "1924-11-29", "authors": [59, 78]}}, {"model": "hw11.book", "pk": 81, "fields": {"name": "Unforgettable March", "pages": 1277, "price": "38.55", "rating": 3.27, "publisher": 15, "pubdate": "1913-09-27", "authors": [72, 80, 118]}}, {"model": "hw11.book", "pk": 82, "fields": {"name": "The Journey of Andrea Durham", "pages": 2706, "price": "44.04", "rating": 2.9, "publisher": 19, "pubdate": "1970-01-12", "authors": [44, 76, 95]}}, {"model": "hw11.book", "pk": 83, "fields": {"name": "Unforgettable October", "pages": 1928, "price": "51.58", "rating": 3.56, "publisher": 7, "pubdate": "1904-09-16", "authors": [17]}}, {"model": "hw11.book", "pk": 84, "fields": {"name": "Chronicles of Evan Barrett", "pages": 2641, "price": "59.44", "rating": 4.82, "publisher": 25, "pubdate": "1894-05-02", "authors": [29, 103, 114]}}, {"model": "hw11.book", "pk": 85, "fields": {"name": "The Journey of Thomas Martinez", "pages": 2206, "price": "18.20", "rating": 2.84, "publisher": 23, "pubdate": "1920-05-12", "authors": [52, 123]}}, {"model": "hw11.book", "pk": 86, "fields": {"name": "Biography of Bobby Lara", "pages": 2880, "price": "36.10", "rating": 0.86, "publisher": 1, "pubdate": "1994-04-25", "authors": [120, 134]}}, {"model": "hw11.book", "pk": 87, "fields": {"name": "Biography of Andrew Cox", "pages": 324, "price": "21.94", "rating": 3.9, "publisher": 14, "pubdate": "1900-06-25", "authors": [24, 142]}}, {"model": "hw11.book", "pk": 88, "fields": {"name": "Biography of Justin Stokes", "pages": 2155, "price": "57.04", "rating": 1.89, "publisher": 12, "pubdate": "1984-05-25", "authors": [22, 45, 106]}}, {"model": "hw11.book", "pk": 89, "fields": {"name": "Unforgettable March", "pages": 1389, "price": "15.18", "rating": 4.22, "publisher": 20, "pubdate": "1919-04-26", "authors": [62, 80, 98]}}, {"model": "hw11.book", "pk": 90, "fields": {"name": "The Journey of Amy Gay", "pages": 888, "price": "12.62", "rating": 4.03, "publisher": 4, "pubdate": "1906-04-01", "authors": [11, 82, 141]}}, {"model": "hw11.book", "pk": 91, "fields": {"name": "The kid of William Quinn", "pages": 1266, "price": "20.86", "rating": 2.68, "publisher": 16, "pubdate": "1951-07-15", "authors": [15]}}, {"model": "hw11.book", "pk": 92, "fields": {"name": "The Adventures of Martha Cox", "pages": 1141, "price": "34.62", "rating": 0.62, "publisher": 5, "pubdate": "1912-01-18", "authors": [2, 127, 144]}}, {"model": "hw11.book", "pk": 93, "fields": {"name": "The kid of Mitchell King", "pages": 1281, "price": "34.90", "rating": 4.93, "publisher": 9, "pubdate": "1967-06-09", "authors": [39]}}, {"model": "hw11.book", "pk": 94, "fields": {"name": "Chronicles of Jonathan Rodgers", "pages": 2394, "price": "24.81", "rating": 0.92, "publisher": 12, "pubdate": "1970-09-22", "authors": [84, 119, 140]}}, {"model": "hw11.book", "pk": 95, "fields": {"name": "Unforgettable April", "pages": 2083, "price": "36.79", "rating": 4.62, "publisher": 20, "pubdate": "1923-06-14", "authors": [2, 121]}}, {"model": "hw11.book", "pk": 96, "fields": {"name": "Unforgettable November", "pages": 437, "price": "26.61", "rating": 1.55, "publisher": 25, "pubdate": "1998-11-16", "authors": [4, 44, 86]}}, {"model": "hw11.book", "pk": 97, "fields": {"name": "The Adventures of Karen Willis", "pages": 977, "price": "57.38", "rating": 0.48, "publisher": 3, "pubdate": "1922-12-15", "authors": [43]}}, {"model": "hw11.book", "pk": 98, "fields": {"name": "The Journey of Kevin Williams", "pages": 944, "price": "13.79", "rating": 4.65, "publisher": 15, "pubdate": "1980-07-29", "authors": [13]}}, {"model": "hw11.book", "pk": 99, "fields": {"name": "The Journey of Sandra Knight", "pages": 2424, "price": "54.59", "rating": 1.12, "publisher": 7, "pubdate": "1934-08-07", "authors": [67, 68, 85]}}, {"model": "hw11.book", "pk": 100, "fields": {"name": "The Adventures of Brian Mack", "pages": 339, "price": "13.12", "rating": 3.22, "publisher": 12, "pubdate": "1991-10-29", "authors": [130]}}, {"model": "hw11.book", "pk": 101, "fields": {"name": "The Journey of Phillip Craig", "pages": 740, "price": "29.81", "rating": 2.82, "publisher": 5, "pubdate": "1932-12-07", "authors": [132]}}, {"model": "hw11.book", "pk": 102, "fields": {"name": "Biography of Louis Carlson", "pages": 1926, "price": "39.64", "rating": 3.81, "publisher": 11, "pubdate": "1922-05-26", "authors": [52, 106]}}, {"model": "hw11.book", "pk": 103, "fields": {"name": "Unforgettable November", "pages": 2678, "price": "48.94", "rating": 3.46, "publisher": 4, "pubdate": "1967-05-01", "authors": [56]}}, {"model": "hw11.book", "pk": 104, "fields": {"name": "Unforgettable July", "pages": 2549, "price": "41.62", "rating": 0.07, "publisher": 3, "pubdate": "1962-08-03", "authors": [139, 149]}}, {"model": "hw11.book", "pk": 105, "fields": {"name": "Biography of Daisy Wells", "pages": 352, "price": "35.01", "rating": 4.97, "publisher": 16, "pubdate": "1907-06-23", "authors": [45, 78, 147]}}, {"model": "hw11.book", "pk": 106, "fields": {"name": "Unforgettable June", "pages": 2367, "price": "15.09", "rating": 3.43, "publisher": 6, "pubdate": "1958-10-27", "authors": [7, 61]}}, {"model": "hw11.book", "pk": 107, "fields": {"name": "Biography of Cynthia Owens", "pages": 1884, "price": "22.71", "rating": 4.61, "publisher": 1, "pubdate": "1904-01-31", "authors": [50]}}, {"model": "hw11.book", "pk": 108, "fields": {"name": "Chronicles of Tiffany Roberts", "pages": 773, "price": "17.72", "rating": 2.09, "publisher": 13, "pubdate": "1945-09-13", "authors": [69, 113]}}, {"model": "hw11.book", "pk": 109, "fields": {"name": "Unforgettable October", "pages": 2209, "price": "55.60", "rating": 0.87, "publisher": 19, "pubdate": "1977-05-28", "authors": [108]}}, {"model": "hw11.book", "pk": 110, "fields": {"name": "Biography of Alexandra Hicks", "pages": 2612, "price": "56.97", "rating": 4.61, "publisher": 22, "pubdate": "1955-01-08", "authors": [60, 61, 143]}}, {"model": "hw11.book", "pk": 111, "fields": {"name": "Chronicles of Kathleen Shelton", "pages": 2588, "price": "16.61", "rating": 2.25, "publisher": 13, "pubdate": "1987-07-07", "authors": [34, 68, 82]}}, {"model": "hw11.book", "pk": 112, "fields": {"name": "The kid of Laura Todd", "pages": 605, "price": "29.10", "rating": 0.29, "publisher": 8, "pubdate": "1933-07-20", "authors": [30, 36, 146]}}, {"model": "hw11.book", "pk": 113, "fields": {"name": "Biography of Robert Smith", "pages": 945, "price": "42.13", "rating": 0.12, "publisher": 5, "pubdate": "1914-01-25", "authors": [107]}}, {"model": "hw11.book", "pk": 114, "fields": {"name": "Unforgettable October", "pages": 267, "price": "46.26", "rating": 0.82, "publisher": 1, "pubdate": "1940-10-28", "authors": [94]}}, {"model": "hw11.book", "pk": 115, "fields": {"name": "Unforgettable October", "pages": 200, "price": "24.12", "rating": 0.9, "publisher": 9, "pubdate": "1921-11-12", "authors": [95, 126, 134]}}, {"model": "hw11.book", "pk": 116, "fields": {"name": "The kid of Tony Hamilton", "pages": 2415, "price": "36.55", "rating": 1.51, "publisher": 10, "pubdate": "1906-11-13", "authors": [17, 89]}}, {"model": "hw11.book", "pk": 117, "fields": {"name": "The Journey of April Martinez", "pages": 2452, "price": "12.11", "rating": 2.46, "publisher": 9, "pubdate": "1998-10-04", "authors": [113]}}, {"model": "hw11.book", "pk": 118, "fields": {"name": "The Adventures of Nicholas Ramirez", "pages": 372, "price": "40.20", "rating": 4.82, "publisher": 15, "pubdate": "1947-08-31", "authors": [22, 54]}}, {"model": "hw11.book", "pk": 119, "fields": {"name": "Biography of Michelle Miller", "pages": 1092, "price": "40.66", "rating": 4.94, "publisher": 17, "pubdate": "1991-08-17", "authors": [64, 88]}}, {"model": "hw11.book", "pk": 120, "fields": {"name": "Unforgettable January", "pages": 1227, "price": "25.76", "rating": 4.65, "publisher": 7, "pubdate": "1976-02-17", "authors": [55]}}, {"model": "hw11.book", "pk": 121, "fields": {"name": "Biography of Denise Anderson", "pages": 169, "price": "22.93", "rating": 4.45, "publisher": 13, "pubdate": "1924-09-08", "authors": [109, 130, 131]}}, {"model": "hw11.book", "pk": 122, "fields": {"name": "The kid of Charles Rivera", "pages": 1985, "price": "14.82", "rating": 0.83, "publisher": 15, "pubdate": "1907-08-26", "authors": [77, 89]}}, {"model": "hw11.book", "pk": 123, "fields": {"name": "Chronicles of Grant Obrien", "pages": 1074, "price": "44.72", "rating": 1.49, "publisher": 9, "pubdate": "1945-01-02", "authors": [18, 79, 103]}}, {"model": "hw11.book", "pk": 124, "fields": {"name": "Biography of Elizabeth Allen", "pages": 2650, "price": "49.07", "rating": 3.19, "publisher": 9, "pubdate": "1982-10-07", "authors": [88, 131, 132]}}, {"model": "hw11.book", "pk": 125, "fields": {"name": "Chronicles of Nicolas Mcbride", "pages": 143, "price": "21.93", "rating": 4.96, "publisher": 24, "pubdate": "1904-10-27", "authors": [2, 33, 107]}}, {"model": "hw11.book", "pk": 126, "fields": {"name": "Biography of John Austin", "pages": 1303, "price": "41.80", "rating": 4.76, "publisher": 6, "pubdate": "1914-08-15", "authors": [55, 133]}}, {"model": "hw11.book", "pk": 127, "fields": {"name": "Unforgettable November", "pages": 2307, "price": "24.16", "rating": 1.5, "publisher": 13, "pubdate": "2001-08-30", "authors": [11, 52, 121]}}, {"model": "hw11.book", "pk": 128, "fields": {"name": "Unforgettable August", "pages": 2878, "price": "12.64", "rating": 2.26, "publisher": 10, "pubdate": "1952-07-29", "authors": [9, 100]}}, {"model": "hw11.book", "pk": 129, "fields": {"name": "Chronicles of Thomas Gordon", "pages": 2390, "price": "43.45", "rating": 1.1, "publisher": 8, "pubdate": "1947-05-22", "authors": [7, 74]}}, {"model": "hw11.book", "pk": 130, "fields": {"name": "The Adventures of Tonya Fuller", "pages": 794, "price": "14.41", "rating": 4.11, "publisher": 3, "pubdate": "1902-08-26", "authors": [2, 6]}}, {"model": "hw11.book", "pk": 131, "fields": {"name": "Biography of Heather Adkins", "pages": 1031, "price": "33.78", "rating": 4.07, "publisher": 23, "pubdate": "2004-09-18", "authors": [148]}}, {"model": "hw11.book", "pk": 132, "fields": {"name": "Biography of Matthew Jacobs", "pages": 2126, "price": "52.88", "rating": 1.16, "publisher": 5, "pubdate": "1940-11-22", "authors": [40]}}, {"model": "hw11.book", "pk": 133, "fields": {"name": "The Adventures of Melissa Harris", "pages": 903, "price": "26.50", "rating": 4.01, "publisher": 18, "pubdate": "1930-02-26", "authors": [47]}}, {"model": "hw11.book", "pk": 134, "fields": {"name": "Chronicles of George Lin", "pages": 2398, "price": "54.23", "rating": 4.14, "publisher": 16, "pubdate": "1902-05-17", "authors": [105]}}, {"model": "hw11.book", "pk": 135, "fields": {"name": "Chronicles of Jesus Norton", "pages": 1710, "price": "31.27", "rating": 4.69, "publisher": 8, "pubdate": "1938-09-16", "authors": [25, 102]}}, {"model": "hw11.book", "pk": 136, "fields": {"name": "Unforgettable April", "pages": 561, "price": "49.22", "rating": 3.8, "publisher": 17, "pubdate": "1914-03-26", "authors": [41, 58]}}, {"model": "hw11.book", "pk": 137, "fields": {"name": "The Journey of Martha Sandoval", "pages": 1663, "price": "27.84", "rating": 3.46, "publisher": 25, "pubdate": "1972-03-10", "authors": [17, 70]}}, {"model": "hw11.book", "pk": 138, "fields": {"name": "Biography of Jared Foster", "pages": 1725, "price": "51.81", "rating": 1.7, "publisher": 12, "pubdate": "1983-01-23", "authors": [122, 144]}}, {"model": "hw11.book", "pk": 139, "fields": {"name": "The Adventures of Aaron Brown", "pages": 2216, "price": "27.30", "rating": 3.95, "publisher": 22, "pubdate": "1898-06-25", "authors": [31, 122]}}, {"model": "hw11.book", "pk": 140, "fields": {"name": "Unforgettable June", "pages": 2426, "price": "41.65", "rating": 3.2, "publisher": 17, "pubdate": "1946-08-27", "authors": [46]}}, {"model": "hw11.book", "pk": 141, "fields": {"name": "Unforgettable May", "pages": 2383, "price": "25.59", "rating": 0.95, "publisher": 10, "pubdate": "1895-02-20", "authors": [30, 51]}}, {"model": "hw11.book", "pk": 142, "fields": {"name": "The Journey of Dustin Oneill", "pages": 2366, "price": "13.61", "rating": 2.37, "publisher": 8, "pubdate": "1925-09-13", "authors": [51, 115, 134]}}, {"model": "hw11.book", "pk": 143, "fields": {"name": "Unforgettable June", "pages": 1382, "price": "44.67", "rating": 0.8, "publisher": 10, "pubdate": "1991-02-07", "authors": [64, 107]}}, {"model": "hw11.book", "pk": 144, "fields": {"name": "Unforgettable August", "pages": 338, "price": "17.30", "rating": 4.57, "publisher": 14, "pubdate": "1967-02-09", "authors": [24, 120]}}, {"model": "hw11.book", "pk": 145, "fields": {"name": "Chronicles of Danielle Conner", "pages": 853, "price": "54.83", "rating": 3.86, "publisher": 22, "pubdate": "1956-05-17", "authors": [13, 21, 58]}}, {"model": "hw11.book", "pk": 146, "fields": {"name": "The kid of Sarah Hart", "pages": 2618, "price": "58.33", "rating": 1.08, "publisher": 3, "pubdate": "1976-12-29", "authors": [112, 130]}}, {"model": "hw11.book", "pk": 147, "fields": {"name": "The Journey of Corey Gill", "pages": 1821, "price": "47.85", "rating": 2.88, "publisher": 12, "pubdate": "1948-06-12", "authors": [17]}}, {"model": "hw11.book", "pk": 148, "fields": {"name": "The kid of Laura Reid", "pages": 332, "price": "47.23", "rating": 3.29, "publisher": 3, "pubdate": "1978-02-28", "authors": [88, 147]}}, {"model": "hw11.book", "pk": 149, "fields": {"name": "Chronicles of Robert Moreno", "pages": 495, "price": "26.31", "rating": 1.79, "publisher": 14, "pubdate": "1940-11-19", "authors": [40]}}, {"model": "hw11.book", "pk": 150, "fields": {"name": "The Journey of Gabrielle Jones", "pages": 2332, "price": "19.31", "rating": 0.12, "publisher": 12, "pubdate": "1973-04-29", "authors": [124]}}, {"model": "hw11.book", "pk": 151, "fields": {"name": "Biography of Julie Richard", "pages": 2595, "price": "34.99", "rating": 3.55, "publisher": 23, "pubdate": "1958-03-13", "authors": [51, 95]}}, {"model": "hw11.book", "pk": 152, "fields": {"name": "Biography of Yolanda Jarvis", "pages": 461, "price": "31.63", "rating": 1.03, "publisher": 19, "pubdate": "1932-02-20", "authors": [8, 87, 111]}}, {"model": "hw11.book", "pk": 153, "fields": {"name": "The Journey of Rebecca Lambert", "pages": 2053, "price": "16.90", "rating": 0.54, "publisher": 25, "pubdate": "1933-11-02", "authors": [83]}}, {"model": "hw11.book", "pk": 154, "fields": {"name": "The Journey of David Rodriguez", "pages": 595, "price": "28.15", "rating": 3.02, "publisher": 14, "pubdate": "1906-05-10", "authors": [9, 44, 131]}}, {"model": "hw11.book", "pk": 155, "fields": {"name": "The Adventures of Michael Allen", "pages": 1096, "price": "39.67", "rating": 2.32, "publisher": 20, "pubdate": "1977-03-11", "authors": [6, 17]}}, {"model": "hw11.book", "pk": 156, "fields": {"name": "The kid of Yolanda Fuller", "pages": 2284, "price": "48.17", "rating": 2.56, "publisher": 21, "pubdate": "1900-05-28", "authors": [125]}}, {"model": "hw11.book", "pk": 157, "fields": {"name": "The kid of David Hernandez", "pages": 2592, "price": "38.03", "rating": 0.01, "publisher": 12, "pubdate": "1894-09-19", "authors": [13, 102, 111]}}, {"model": "hw11.book", "pk": 158, "fields": {"name": "The Journey of Cameron Stevenson", "pages": 841, "price": "24.61", "rating": 0.39, "publisher": 13, "pubdate": "1972-06-18", "authors": [26, 34, 40]}}, {"model": "hw11.book", "pk": 159, "fields": {"name": "The Journey of Sean Fuentes", "pages": 608, "price": "24.73", "rating": 1.31, "publisher": 21, "pubdate": "2002-09-26", "authors": [53, 81]}}, {"model": "hw11.book", "pk": 160, "fields": {"name": "Unforgettable June", "pages": 482, "price": "46.93", "rating": 1.82, "publisher": 1, "pubdate": "2003-12-03", "authors": [124]}}, {"model": "hw11.book", "pk": 161, "fields": {"name": "Unforgettable May", "pages": 1052, "price": "35.21", "rating": 2.28, "publisher": 15, "pubdate": "1986-08-13", "authors": [22, 33, 123]}}, {"model": "hw11.book", "pk": 162, "fields": {"name": "The Journey of Jordan Dawson", "pages": 2338, "price": "16.53", "rating": 2.9, "publisher": 11, "pubdate": "2000-11-12", "authors": [92, 142]}}, {"model": "hw11.book", "pk": 163, "fields": {"name": "Biography of Tara Smith", "pages": 2108, "price": "50.44", "rating": 0.26, "publisher": 15, "pubdate": "1943-03-30", "authors": [37, 90]}}, {"model": "hw11.book", "pk": 164, "fields": {"name": "Biography of Mariah Weaver", "pages": 325, "price": "11.72", "rating": 2.33, "publisher": 20, "pubdate": "1908-08-31", "authors": [70, 94, 101]}}, {"model": "hw11.book", "pk": 165, "fields": {"name": "Unforgettable August", "pages": 327, "price": "22.72", "rating": 2.39, "publisher": 5, "pubdate": "1968-03-02", "authors": [125, 130, 141]}}, {"model": "hw11.book", "pk": 166, "fields": {"name": "The Adventures of Heather Simon", "pages": 113, "price": "45.15", "rating": 2.76, "publisher": 6, "pubdate": "1974-09-24", "authors": [100]}}, {"model": "hw11.book", "pk": 167, "fields": {"name": "The Journey of Taylor Gilmore", "pages": 979, "price": "24.05", "rating": 0.79, "publisher": 4, "pubdate": "1952-12-22", "authors": [13, 119, 143]}}, {"model": "hw11.book", "pk": 168, "fields": {"name": "Biography of Shawn Hansen", "pages": 2195, "price": "37.65", "rating": 1.51, "publisher": 23, "pubdate": "1897-05-27", "authors": [19, 72, 121]}}, {"model": "hw11.book", "pk": 169, "fields": {"name": "The kid of Michael Lopez", "pages": 2760, "price": "41.52", "rating": 2.82, "publisher": 15, "pubdate": "1938-11-15", "authors": [40, 68]}}, {"model": "hw11.book", "pk": 170, "fields": {"name": "Chronicles of Sarah Adams", "pages": 766, "price": "23.19", "rating": 1.78, "publisher": 8, "pubdate": "1976-06-09", "authors": [22, 73]}}, {"model": "hw11.book", "pk": 171, "fields": {"name": "The kid of Marie Prince", "pages": 2298, "price": "56.12", "rating": 4.2, "publisher": 17, "pubdate": "1908-04-28", "authors": [29, 32, 95]}}, {"model": "hw11.book", "pk": 172, "fields": {"name": "The kid of Theresa Odonnell", "pages": 2347, "price": "19.60", "rating": 1.92, "publisher": 15, "pubdate": "1981-11-09", "authors": [115]}}, {"model": "hw11.book", "pk": 173, "fields": {"name": "Unforgettable June", "pages": 103, "price": "19.00", "rating": 1.65, "publisher": 6, "pubdate": "1928-12-03", "authors": [54, 91]}}, {"model": "hw11.book", "pk": 174, "fields": {"name": "Biography of Thomas Johnson", "pages": 339, "price": "35.05", "rating": 4.03, "publisher": 8, "pubdate": "1901-03-02", "authors": [11, 18, 107]}}, {"model": "hw11.book", "pk": 175, "fields": {"name": "Chronicles of Mary Wilson", "pages": 1905, "price": "55.83", "rating": 4.6, "publisher": 12, "pubdate": "1985-04-30", "authors": [18, 140]}}, {"model": "hw11.book", "pk": 176, "fields": {"name": "Biography of Shelly Ochoa", "pages": 1869, "price": "34.99", "rating": 2.85, "publisher": 22, "pubdate": "1977-10-21", "authors": [140]}}, {"model": "hw11.book", "pk": 177, "fields": {"name": "Unforgettable September", "pages": 655, "price": "56.49", "rating": 2.79, "publisher": 1, "pubdate": "1917-05-07", "authors": [52, 85]}}, {"model": "hw11.book", "pk": 178, "fields": {"name": "Unforgettable November", "pages": 1484, "price": "57.25", "rating": 4.81, "publisher": 21, "pubdate": "1940-09-08", "authors": [74, 78, 84]}}, {"model": "hw11.book", "pk": 179, "fields": {"name": "The kid of Charles Kaiser", "pages": 317, "price": "30.07", "rating": 4.65, "publisher": 23, "pubdate": "1959-10-08", "authors": [91, 117]}}, {"model": "hw11.book", "pk": 180, "fields": {"name": "Unforgettable May", "pages": 2180, "price": "55.70", "rating": 3.93, "publisher": 7, "pubdate": "1913-05-14", "authors": [2, 12]}}, {"model": "hw11.book", "pk": 181, "fields": {"name": "The kid of Robert Grimes", "pages": 140, "price": "48.81", "rating": 2.86, "publisher": 11, "pubdate": "2000-10-10", "authors": [51, 79, 118]}}, {"model": "hw11.book", "pk": 182, "fields": {"name": "Chronicles of Cassandra Sanchez", "pages": 2223, "price": "48.24", "rating": 1.13, "publisher": 2, "pubdate": "1985-05-27", "authors": [47]}}, {"model": "hw11.book", "pk": 183, "fields": {"name": "Unforgettable June", "pages": 136, "price": "10.22", "rating": 0.94, "publisher": 20, "pubdate": "1988-05-21", "authors": [20]}}, {"model": "hw11.book", "pk": 184, "fields": {"name": "Chronicles of Robert Knight", "pages": 1644, "price": "22.11", "rating": 1.13, "publisher": 16, "pubdate": "1935-02-13", "authors": [41]}}, {"model": "hw11.book", "pk": 185, "fields": {"name": "Unforgettable January", "pages": 1667, "price": "20.58", "rating": 4.73, "publisher": 24, "pubdate": "1922-04-10", "authors": [143]}}, {"model": "hw11.book", "pk": 186, "fields": {"name": "The Journey of Thomas Castillo", "pages": 1103, "price": "11.29", "rating": 4.54, "publisher": 2, "pubdate": "1968-06-04", "authors": [121]}}, {"model": "hw11.book", "pk": 187, "fields": {"name": "Biography of Melissa Meyer", "pages": 2701, "price": "54.74", "rating": 3.6, "publisher": 13, "pubdate": "2003-02-25", "authors": [19]}}, {"model": "hw11.book", "pk": 188, "fields": {"name": "Chronicles of Mr. Joseph Sullivan MD", "pages": 763, "price": "34.08", "rating": 1.68, "publisher": 15, "pubdate": "1906-06-23", "authors": [95, 99, 116]}}, {"model": "hw11.book", "pk": 189, "fields": {"name": "The Journey of Michelle James", "pages": 797, "price": "46.43", "rating": 4.27, "publisher": 15, "pubdate": "1996-11-19", "authors": [128]}}, {"model": "hw11.book", "pk": 190, "fields": {"name": "The Journey of Sandra Jackson", "pages": 2834, "price": "55.01", "rating": 4.57, "publisher": 25, "pubdate": "1895-07-25", "authors": [101, 106]}}, {"model": "hw11.book", "pk": 191, "fields": {"name": "Chronicles of Laurie Smith", "pages": 2533, "price": "16.09", "rating": 4.04, "publisher": 19, "pubdate": "1978-01-29", "authors": [22, 55, 60]}}, {"model": "hw11.book", "pk": 192, "fields": {"name": "The kid of Angela Romero", "pages": 2285, "price": "54.33", "rating": 2.58, "publisher": 1, "pubdate": "1894-03-29", "authors": [31, 43, 108]}}, {"model": "hw11.book", "pk": 193, "fields": {"name": "Unforgettable December", "pages": 1189, "price": "23.53", "rating": 4.88, "publisher": 5, "pubdate": "1948-03-15", "authors": [7, 13, 29]}}, {"model": "hw11.book", "pk": 194, "fields": {"name": "The kid of Anthony Galloway", "pages": 2861, "price": "41.25", "rating": 2.12, "publisher": 4, "pubdate": "1987-11-30", "authors": [17, 79, 129]}}, {"model": "hw11.book", "pk": 195, "fields": {"name": "The kid of Linda Garner", "pages": 985, "price": "50.09", "rating": 1.63, "publisher": 20, "pubdate": "1900-06-15", "authors": [80]}}, {"model": "hw11.book", "pk": 196, "fields": {"name": "Unforgettable September", "pages": 1471, "price": "49.80", "rating": 2.99, "publisher": 14, "pubdate": "1992-06-18", "authors": [9, 117, 134]}}, {"model": "hw11.book", "pk": 197, "fields": {"name": "Chronicles of Terry Sanchez", "pages": 398, "price": "12.84", "rating": 4.74, "publisher": 13, "pubdate": "1999-01-31", "authors": [97]}}, {"model": "hw11.book", "pk": 198, "fields": {"name": "Unforgettable March", "pages": 1821, "price": "21.02", "rating": 2.28, "publisher": 8, "pubdate": "1923-11-14", "authors": [18, 27, 43]}}, {"model": "hw11.book", "pk": 199, "fields": {"name": "The Journey of Richard Harrison", "pages": 419, "price": "58.50", "rating": 2.05, "publisher": 14, "pubdate": "1963-02-07", "authors": [14]}}, {"model": "hw11.book", "pk": 200, "fields": {"name": "Chronicles of Jennifer Barrera", "pages": 1456, "price": "55.87", "rating": 3.26, "publisher": 17, "pubdate": "1989-04-02", "authors": [97, 149]}}, {"model": "hw11.book", "pk": 201, "fields": {"name": "The kid of Anne Wheeler", "pages": 2241, "price": "39.01", "rating": 4.0, "publisher": 1, "pubdate": "1931-06-28", "authors": [41]}}, {"model": "hw11.book", "pk": 202, "fields": {"name": "Biography of John Mcdonald", "pages": 2962, "price": "45.81", "rating": 3.99, "publisher": 16, "pubdate": "1926-04-12", "authors": [21, 64, 78]}}, {"model": "hw11.book", "pk": 203, "fields": {"name": "The Journey of Gabriel Montgomery", "pages": 1414, "price": "34.51", "rating": 1.04, "publisher": 1, "pubdate": "1974-08-24", "authors": [18]}}, {"model": "hw11.book", "pk": 204, "fields": {"name": "The kid of John Sanders", "pages": 2493, "price": "12.80", "rating": 4.27, "publisher": 12, "pubdate": "1912-02-12", "authors": [40, 48, 79]}}, {"model": "hw11.book", "pk": 205, "fields": {"name": "Chronicles of Brooke Jones", "pages": 2733, "price": "21.60", "rating": 2.26, "publisher": 6, "pubdate": "1918-05-08", "authors": [17, 27, 32]}}, {"model": "hw11.book", "pk": 206, "fields": {"name": "Chronicles of Charles Walker", "pages": 1956, "price": "58.41", "rating": 0.36, "publisher": 25, "pubdate": "1954-04-12", "authors": [67]}}, {"model": "hw11.book", "pk": 207, "fields": {"name": "The Adventures of Maurice Ramirez", "pages": 2355, "price": "46.01", "rating": 3.73, "publisher": 25, "pubdate": "1961-07-27", "authors": [14]}}, {"model": "hw11.book", "pk": 208, "fields": {"name": "Chronicles of Eugene Hunter", "pages": 1770, "price": "11.49", "rating": 4.96, "publisher": 8, "pubdate": "1984-09-21", "authors": [10]}}, {"model": "hw11.book", "pk": 209, "fields": {"name": "The Adventures of Sarah Davis", "pages": 1802, "price": "41.09", "rating": 0.05, "publisher": 10, "pubdate": "1990-12-27", "authors": [22]}}, {"model": "hw11.book", "pk": 210, "fields": {"name": "Biography of Amy Chandler", "pages": 2804, "price": "18.85", "rating": 4.23, "publisher": 4, "pubdate": "1987-02-14", "authors": [51]}}, {"model": "hw11.book", "pk": 211, "fields": {"name": "The Journey of Danny Hughes", "pages": 1866, "price": "57.05", "rating": 0.42, "publisher": 8, "pubdate": "1896-11-28", "authors": [60, 92, 135]}}, {"model": "hw11.book", "pk": 212, "fields": {"name": "Chronicles of Joshua Jimenez", "pages": 1246, "price": "54.23", "rating": 1.03, "publisher": 13, "pubdate": "2003-03-02", "authors": [32]}}, {"model": "hw11.book", "pk": 213, "fields": {"name": "Biography of Stephanie Schmidt", "pages": 2091, "price": "59.18", "rating": 1.33, "publisher": 22, "pubdate": "1955-12-12", "authors": [34]}}, {"model": "hw11.book", "pk": 214, "fields": {"name": "Biography of Robert Jenkins", "pages": 2399, "price": "15.06", "rating": 2.21, "publisher": 12, "pubdate": "1895-03-21", "authors": [103]}}, {"model": "hw11.book", "pk": 215, "fields": {"name": "Unforgettable September", "pages": 1127, "price": "11.02", "rating": 0.2, "publisher": 3, "pubdate": "1928-11-03", "authors": [146]}}, {"model": "hw11.book", "pk": 216, "fields": {"name": "The Journey of Kevin Fernandez", "pages": 735, "price": "28.86", "rating": 0.44, "publisher": 16, "pubdate": "1977-03-29", "authors": [8, 81, 130]}}, {"model": "hw11.book", "pk": 217, "fields": {"name": "The kid of Cynthia Stuart", "pages": 2484, "price": "56.23", "rating": 0.77, "publisher": 7, "pubdate": "1912-05-13", "authors": [33, 62]}}, {"model": "hw11.book", "pk": 218, "fields": {"name": "Biography of Christina Murray", "pages": 2599, "price": "15.37", "rating": 2.93, "publisher": 24, "pubdate": "1988-04-07", "authors": [5, 97, 117]}}, {"model": "hw11.book", "pk": 219, "fields": {"name": "The Adventures of Kimberly Crawford", "pages": 580, "price": "18.90", "rating": 1.09, "publisher": 22, "pubdate": "2003-08-10", "authors": [56, 127, 147]}}, {"model": "hw11.book", "pk": 220, "fields": {"name": "Biography of Hayden Mitchell", "pages": 402, "price": "42.63", "rating": 3.55, "publisher": 19, "pubdate": "1912-04-13", "authors": [96, 130, 140]}}, {"model": "hw11.book", "pk": 221, "fields": {"name": "The Journey of Mr. Tony Dalton DDS", "pages": 2481, "price": "11.21", "rating": 2.84, "publisher": 6, "pubdate": "1921-04-02", "authors": [42, 81, 114]}}, {"model": "hw11.book", "pk": 222, "fields": {"name": "The Journey of Joseph Santos", "pages": 1908, "price": "24.91", "rating": 2.2, "publisher": 6, "pubdate": "1962-09-10", "authors": [95, 124, 149]}}, {"model": "hw11.book", "pk": 223, "fields": {"name": "Chronicles of Christopher Wheeler", "pages": 2039, "price": "44.46", "rating": 1.32, "publisher": 4, "pubdate": "1991-03-10", "authors": [89, 105]}}, {"model": "hw11.book", "pk": 224, "fields": {"name": "Unforgettable February", "pages": 2656, "price": "51.48", "rating": 1.24, "publisher": 4, "pubdate": "1999-06-02", "authors": [44, 47, 89]}}, {"model": "hw11.book", "pk": 225, "fields": {"name": "Unforgettable August", "pages": 1342, "price": "33.84", "rating": 4.41, "publisher": 22, "pubdate": "1972-11-09", "authors": [80]}}, {"model": "hw11.book", "pk": 226, "fields": {"name": "The kid of Isaiah Velasquez", "pages": 2621, "price": "45.57", "rating": 2.47, "publisher": 16, "pubdate": "1927-10-18", "authors": [31, 60]}}, {"model": "hw11.book", "pk": 227, "fields": {"name": "Chronicles of Barbara Green", "pages": 2007, "price": "49.60", "rating": 2.13, "publisher": 21, "pubdate": "1965-03-31", "authors": [32, 95, 146]}}, {"model": "hw11.book", "pk": 228, "fields": {"name": "Unforgettable April", "pages": 229, "price": "15.32", "rating": 1.45, "publisher": 14, "pubdate": "1919-06-12", "authors": [143]}}, {"model": "hw11.book", "pk": 229, "fields": {"name": "Biography of David Gardner", "pages": 1422, "price": "21.15", "rating": 3.36, "publisher": 7, "pubdate": "1917-10-01", "authors": [133]}}, {"model": "hw11.book", "pk": 230, "fields": {"name": "The Adventures of Hannah Carroll", "pages": 690, "price": "53.11", "rating": 1.02, "publisher": 10, "pubdate": "1975-10-28", "authors": [59, 120]}}, {"model": "hw11.book", "pk": 231, "fields": {"name": "The Adventures of Katherine Ortiz", "pages": 605, "price": "12.78", "rating": 4.02, "publisher": 3, "pubdate": "1969-11-14", "authors": [39, 70, 150]}}, {"model": "hw11.book", "pk": 232, "fields": {"name": "The Adventures of William Elliott", "pages": 877, "price": "42.15", "rating": 3.43, "publisher": 15, "pubdate": "2002-02-08", "authors": [24, 100, 150]}}, {"model": "hw11.book", "pk": 233, "fields": {"name": "The Adventures of Maxwell Adams", "pages": 428, "price": "48.63", "rating": 3.69, "publisher": 24, "pubdate": "1906-10-20", "authors": [14, 97]}}, {"model": "hw11.book", "pk": 234, "fields": {"name": "The Adventures of Mr. Bryan Morrison", "pages": 2360, "price": "40.49", "rating": 3.83, "publisher": 6, "pubdate": "1928-04-04", "authors": [144]}}, {"model": "hw11.book", "pk": 235, "fields": {"name": "Chronicles of Christian Foley", "pages": 1192, "price": "46.04", "rating": 4.09, "publisher": 25, "pubdate": "1974-04-28", "authors": [8]}}, {"model": "hw11.book", "pk": 236, "fields": {"name": "Unforgettable January", "pages": 268, "price": "16.58", "rating": 2.25, "publisher": 11, "pubdate": "1921-12-11", "authors": [20, 148, 149]}}, {"model": "hw11.book", "pk": 237, "fields": {"name": "The Journey of Mary Hunter", "pages": 1042, "price": "52.83", "rating": 1.21, "publisher": 2, "pubdate": "1972-11-22", "authors": [95]}}, {"model": "hw11.book", "pk": 238, "fields": {"name": "Biography of David Conrad", "pages": 2992, "price": "50.00", "rating": 4.64, "publisher": 13, "pubdate": "1987-08-12", "authors": [6, 103]}}, {"model": "hw11.book", "pk": 239, "fields": {"name": "The kid of Cynthia Matthews", "pages": 2159, "price": "46.69", "rating": 3.2, "publisher": 15, "pubdate": "1937-04-03", "authors": [92, 120]}}, {"model": "hw11.book", "pk": 240, "fields": {"name": "The kid of Kristine Mccann", "pages": 471, "price": "54.44", "rating": 1.55, "publisher": 20, "pubdate": "1980-08-01", "authors": [89]}}, {"model": "hw11.book", "pk": 241, "fields": {"name": "The kid of Scott Bates", "pages": 1317, "price": "39.68", "rating": 3.86, "publisher": 19, "pubdate": "1917-08-15", "authors": [72, 96]}}, {"model": "hw11.book", "pk": 242, "fields": {"name": "The Adventures of David Miller", "pages": 1879, "price": "21.58", "rating": 2.69, "publisher": 11, "pubdate": "1934-07-22", "authors": [90]}}, {"model": "hw11.book", "pk": 243, "fields": {"name": "Unforgettable July", "pages": 2035, "price": "34.62", "rating": 1.03, "publisher": 20, "pubdate": "1916-11-06", "authors": [64, 126]}}, {"model": "hw11.book", "pk": 244, "fields": {"name": "The Adventures of Tina Turner", "pages": 845, "price": "55.96", "rating": 1.03, "publisher": 20, "pubdate": "1916-06-07", "authors": [25, 27, 97]}}, {"model": "hw11.book", "pk": 245, "fields": {"name": "The Adventures of Keith Wilson", "pages": 2509, "price": "14.17", "rating": 2.3, "publisher": 5, "pubdate": "1955-07-20", "authors": [62, 77, 106]}}, {"model": "hw11.book", "pk": 246, "fields": {"name": "Unforgettable December", "pages": 2380, "price": "36.06", "rating": 0.44, "publisher": 17, "pubdate": "1972-01-20", "authors": [2, 95, 131]}}, {"model": "hw11.book", "pk": 247, "fields": {"name": "Unforgettable April", "pages": 2653, "price": "48.37", "rating": 1.83, "publisher": 12, "pubdate": "1986-03-26", "authors": [25, 45, 128]}}, {"model": "hw11.book", "pk": 248, "fields": {"name": "Unforgettable April", "pages": 912, "price": "14.61", "rating": 0.29, "publisher": 12, "pubdate": "1987-02-15", "authors": [96]}}, {"model": "hw11.book", "pk": 249, "fields": {"name": "Biography of Gabrielle Garcia", "pages": 297, "price": "29.18", "rating": 4.08, "publisher": 8, "pubdate": "1897-02-10", "authors": [67, 93]}}, {"model": "hw11.book", "pk": 250, "fields": {"name": "Unforgettable March", "pages": 918, "price": "44.72", "rating": 2.82, "publisher": 25, "pubdate": "1926-10-19", "authors": [5]}}, {"model": "hw11.book", "pk": 251, "fields": {"name": "Biography of Erin Jackson", "pages": 842, "price": "11.09", "rating": 4.97, "publisher": 21, "pubdate": "1934-04-02", "authors": [40, 95]}}, {"model": "hw11.book", "pk": 252, "fields": {"name": "The kid of Vanessa Brown", "pages": 222, "price": "45.60", "rating": 0.32, "publisher": 17, "pubdate": "1949-12-04", "authors": [2, 9, 20]}}, {"model": "hw11.book", "pk": 253, "fields": {"name": "The Journey of Nicholas Haynes", "pages": 1558, "price": "24.28", "rating": 4.71, "publisher": 20, "pubdate": "1937-01-09", "authors": [47, 90]}}, {"model": "hw11.book", "pk": 254, "fields": {"name": "The Journey of Veronica Howard", "pages": 582, "price": "37.63", "rating": 1.93, "publisher": 16, "pubdate": "1948-01-14", "authors": [29, 100, 116]}}, {"model": "hw11.book", "pk": 255, "fields": {"name": "Unforgettable August", "pages": 2880, "price": "42.27", "rating": 4.75, "publisher": 20, "pubdate": "1990-03-23", "authors": [2, 40]}}, {"model": "hw11.book", "pk": 256, "fields": {"name": "The Journey of Joel Cordova", "pages": 2574, "price": "47.63", "rating": 0.78, "publisher": 8, "pubdate": "1981-10-13", "authors": [7, 8, 86]}}, {"model": "hw11.book", "pk": 257, "fields": {"name": "Unforgettable March", "pages": 1049, "price": "56.86", "rating": 4.3, "publisher": 9, "pubdate": "1961-01-20", "authors": [35]}}, {"model": "hw11.book", "pk": 258, "fields": {"name": "The kid of Jerry Ford", "pages": 409, "price": "27.07", "rating": 1.07, "publisher": 6, "pubdate": "1971-03-04", "authors": [85, 95]}}, {"model": "hw11.book", "pk": 259, "fields": {"name": "Unforgettable August", "pages": 1059, "price": "36.35", "rating": 0.5, "publisher": 19, "pubdate": "1913-10-23", "authors": [31]}}, {"model": "hw11.book", "pk": 260, "fields": {"name": "The kid of Abigail Miller", "pages": 2560, "price": "33.10", "rating": 3.31, "publisher": 19, "pubdate": "1935-01-06", "authors": [140]}}, {"model": "hw11.book", "pk": 261, "fields": {"name": "The Adventures of Brandi James", "pages": 1303, "price": "25.76", "rating": 3.51, "publisher": 10, "pubdate": "1927-11-27", "authors": [26, 89]}}, {"model": "hw11.book", "pk": 262, "fields": {"name": "The Journey of Tara Perry", "pages": 813, "price": "30.06", "rating": 1.49, "publisher": 12, "pubdate": "1960-02-02", "authors": [70, 80]}}, {"model": "hw11.book", "pk": 263, "fields": {"name": "The Adventures of Matthew Hill", "pages": 1265, "price": "32.59", "rating": 2.7, "publisher": 1, "pubdate": "1994-12-28", "authors": [3]}}, {"model": "hw11.book", "pk": 264, "fields": {"name": "Chronicles of Stephen Ross", "pages": 2349, "price": "50.62", "rating": 1.78, "publisher": 16, "pubdate": "1959-07-28", "authors": [10, 94, 119]}}, {"model": "hw11.book", "pk": 265, "fields": {"name": "The kid of Brooke Davis", "pages": 968, "price": "52.14", "rating": 2.19, "publisher": 4, "pubdate": "1933-01-29", "authors": [94, 150]}}, {"model": "hw11.book", "pk": 266, "fields": {"name": "Unforgettable March", "pages": 1001, "price": "24.77", "rating": 2.04, "publisher": 14, "pubdate": "1999-05-29", "authors": [39, 85, 144]}}, {"model": "hw11.book", "pk": 267, "fields": {"name": "The Journey of Miguel Hoffman", "pages": 503, "price": "28.42", "rating": 2.36, "publisher": 20, "pubdate": "1979-02-25", "authors": [69, 134]}}, {"model": "hw11.book", "pk": 268, "fields": {"name": "The kid of Melissa Sims", "pages": 1772, "price": "34.53", "rating": 3.29, "publisher": 1, "pubdate": "1997-05-19", "authors": [37, 41]}}, {"model": "hw11.book", "pk": 269, "fields": {"name": "Chronicles of Mr. Mark Mooney", "pages": 580, "price": "24.03", "rating": 2.54, "publisher": 19, "pubdate": "1996-09-13", "authors": [138]}}, {"model": "hw11.book", "pk": 270, "fields": {"name": "The kid of Danielle Salazar", "pages": 1739, "price": "14.15", "rating": 1.5, "publisher": 19, "pubdate": "1931-11-02", "authors": [91, 136]}}, {"model": "hw11.book", "pk": 271, "fields": {"name": "The kid of Stephanie Park", "pages": 962, "price": "21.32", "rating": 2.08, "publisher": 12, "pubdate": "1987-01-20", "authors": [1, 74]}}, {"model": "hw11.book", "pk": 272, "fields": {"name": "Chronicles of April Brooks", "pages": 2817, "price": "26.20", "rating": 3.51, "publisher": 1, "pubdate": "1945-06-06", "authors": [79, 85]}}, {"model": "hw11.book", "pk": 273, "fields": {"name": "The kid of Timothy Wright", "pages": 2948, "price": "22.07", "rating": 1.66, "publisher": 13, "pubdate": "1993-07-31", "authors": [16, 121]}}, {"model": "hw11.book", "pk": 274, "fields": {"name": "Chronicles of Terry Howell", "pages": 365, "price": "37.55", "rating": 1.21, "publisher": 5, "pubdate": "1897-02-20", "authors": [8, 63, 67]}}, {"model": "hw11.book", "pk": 275, "fields": {"name": "Unforgettable September", "pages": 333, "price": "47.04", "rating": 2.3, "publisher": 4, "pubdate": "1983-07-09", "authors": [113, 141]}}, {"model": "hw11.book", "pk": 276, "fields": {"name": "The Adventures of Austin Diaz", "pages": 2664, "price": "46.45", "rating": 1.26, "publisher": 8, "pubdate": "1998-03-28", "authors": [51]}}, {"model": "hw11.book", "pk": 277, "fields": {"name": "Biography of Linda Bradley", "pages": 294, "price": "53.84", "rating": 0.22, "publisher": 24, "pubdate": "1901-01-29", "authors": [25]}}, {"model": "hw11.book", "pk": 278, "fields": {"name": "Chronicles of Victor Flynn", "pages": 1039, "price": "37.74", "rating": 2.43, "publisher": 6, "pubdate": "1909-04-19", "authors": [35]}}, {"model": "hw11.book", "pk": 279, "fields": {"name": "The kid of Angel Perez", "pages": 346, "price": "39.50", "rating": 1.81, "publisher": 25, "pubdate": "1931-09-02", "authors": [85]}}, {"model": "hw11.book", "pk": 280, "fields": {"name": "Unforgettable December", "pages": 1927, "price": "38.82", "rating": 3.97, "publisher": 7, "pubdate": "1970-10-18", "authors": [79, 80, 110]}}, {"model": "hw11.book", "pk": 281, "fields": {"name": "Unforgettable May", "pages": 2270, "price": "32.05", "rating": 1.9, "publisher": 19, "pubdate": "1945-03-03", "authors": [39, 67, 76]}}, {"model": "hw11.book", "pk": 282, "fields": {"name": "The Journey of Evan Stewart", "pages": 703, "price": "35.37", "rating": 0.03, "publisher": 22, "pubdate": "1968-05-03", "authors": [3, 68, 147]}}, {"model": "hw11.book", "pk": 283, "fields": {"name": "The Journey of Kimberly Garcia", "pages": 716, "price": "21.62", "rating": 1.12, "publisher": 25, "pubdate": "1968-02-29", "authors": [33]}}, {"model": "hw11.book", "pk": 284, "fields": {"name": "The Adventures of Anthony Johnson", "pages": 574, "price": "13.64", "rating": 2.35, "publisher": 19, "pubdate": "1898-09-13", "authors": [136, 143]}}, {"model": "hw11.book", "pk": 285, "fields": {"name": "Biography of Laura Ryan", "pages": 2364, "price": "35.69", "rating": 1.95, "publisher": 18, "pubdate": "1982-09-05", "authors": [49]}}, {"model": "hw11.book", "pk": 286, "fields": {"name": "The kid of Matthew Franklin", "pages": 1768, "price": "11.61", "rating": 1.56, "publisher": 3, "pubdate": "1979-04-11", "authors": [1, 61, 118]}}, {"model": "hw11.book", "pk": 287, "fields": {"name": "The Adventures of David Ruiz", "pages": 1551, "price": "20.12", "rating": 2.5, "publisher": 24, "pubdate": "1932-02-10", "authors": [140]}}, {"model": "hw11.book", "pk": 288, "fields": {"name": "The kid of Lisa Flores", "pages": 1644, "price": "53.10", "rating": 1.52, "publisher": 15, "pubdate": "1987-04-02", "authors": [89]}}, {"model": "hw11.book", "pk": 289, "fields": {"name": "The kid of Angela Patterson", "pages": 2499, "price": "51.35", "rating": 4.86, "publisher": 22, "pubdate": "1930-04-07", "authors": [82]}}, {"model": "hw11.book", "pk": 290, "fields": {"name": "The kid of Bianca Shea", "pages": 2305, "price": "13.60", "rating": 3.87, "publisher": 15, "pubdate": "1897-01-23", "authors": [9, 62]}}, {"model": "hw11.book", "pk": 291, "fields": {"name": "The Adventures of Cynthia Turner", "pages": 2919, "price": "36.48", "rating": 1.58, "publisher": 11, "pubdate": "1949-08-22", "authors": [22, 60, 75]}}, {"model": "hw11.book", "pk": 292, "fields": {"name": "The kid of Jennifer Mcguire", "pages": 1619, "price": "24.14", "rating": 1.46, "publisher": 12, "pubdate": "1930-07-03", "authors": [126]}}, {"model": "hw11.book", "pk": 293, "fields": {"name": "Chronicles of Brandon Malone", "pages": 812, "price": "18.78", "rating": 1.23, "publisher": 20, "pubdate": "1901-02-19", "authors": [7, 131]}}, {"model": "hw11.book", "pk": 294, "fields": {"name": "The Journey of Andrew Mendez", "pages": 1342, "price": "39.32", "rating": 1.52, "publisher": 6, "pubdate": "1961-05-12", "authors": [31, 130, 135]}}, {"model": "hw11.book", "pk": 295, "fields": {"name": "The Journey of Valerie Tyler", "pages": 1342, "price": "10.31", "rating": 2.75, "publisher": 22, "pubdate": "1933-05-25", "authors": [109, 136]}}, {"model": "hw11.book", "pk": 296, "fields": {"name": "The Journey of Steven Lindsey", "pages": 1624, "price": "40.87", "rating": 1.69, "publisher": 19, "pubdate": "1971-02-25", "authors": [12, 20]}}, {"model": "hw11.book", "pk": 297, "fields": {"name": "Chronicles of Jillian Michael", "pages": 2826, "price": "26.11", "rating": 2.83, "publisher": 15, "pubdate": "1908-03-06", "authors": [35, 99, 144]}}, {"model": "hw11.book", "pk": 298, "fields": {"name": "Unforgettable September", "pages": 2539, "price": "50.71", "rating": 3.97, "publisher": 17, "pubdate": "1924-02-17", "authors": [6, 113]}}, {"model": "hw11.book", "pk": 299, "fields": {"name": "Chronicles of Michelle Banks", "pages": 258, "price": "48.09", "rating": 1.57, "publisher": 16, "pubdate": "1994-09-13", "authors": [14, 131, 146]}}, {"model": "hw11.book", "pk": 300, "fields": {"name": "Unforgettable January", "pages": 825, "price": "37.87", "rating": 4.37, "publisher": 1, "pubdate": "1994-07-30", "authors": [25]}}, {"model": "hw11.book", "pk": 301, "fields": {"name": "Biography of Gail Allen", "pages": 2748, "price": "14.76", "rating": 2.02, "publisher": 9, "pubdate": "1966-06-20", "authors": [84, 115, 124]}}, {"model": "hw11.book", "pk": 302, "fields": {"name": "The kid of David Nguyen", "pages": 1037, "price": "56.48", "rating": 0.27, "publisher": 16, "pubdate": "1922-02-07", "authors": [7, 21, 107]}}, {"model": "hw11.book", "pk": 303, "fields": {"name": "The Journey of Amanda Khan", "pages": 445, "price": "15.46", "rating": 3.71, "publisher": 2, "pubdate": "1949-01-02", "authors": [87, 147]}}, {"model": "hw11.book", "pk": 304, "fields": {"name": "The kid of Stephanie Lopez", "pages": 1840, "price": "34.85", "rating": 4.9, "publisher": 24, "pubdate": "1894-11-12", "authors": [53]}}, {"model": "hw11.book", "pk": 305, "fields": {"name": "Chronicles of Carl Norton", "pages": 1214, "price": "23.21", "rating": 0.64, "publisher": 14, "pubdate": "1925-12-03", "authors": [54]}}, {"model": "hw11.book", "pk": 306, "fields": {"name": "The Journey of Jennifer Dixon", "pages": 2230, "price": "24.20", "rating": 0.57, "publisher": 2, "pubdate": "1968-06-02", "authors": [8, 119]}}, {"model": "hw11.book", "pk": 307, "fields": {"name": "Chronicles of Brady Davidson", "pages": 256, "price": "59.50", "rating": 3.14, "publisher": 20, "pubdate": "1959-09-29", "authors": [44, 59, 135]}}, {"model": "hw11.book", "pk": 308, "fields": {"name": "The Adventures of Aaron Mendez", "pages": 2769, "price": "55.68", "rating": 3.45, "publisher": 22, "pubdate": "1905-07-06", "authors": [30]}}, {"model": "hw11.book", "pk": 309, "fields": {"name": "The kid of Walter Gomez", "pages": 290, "price": "23.11", "rating": 0.13, "publisher": 8, "pubdate": "1982-06-18", "authors": [28, 59, 94]}}, {"model": "hw11.book", "pk": 310, "fields": {"name": "The kid of William Ruiz", "pages": 856, "price": "32.86", "rating": 0.68, "publisher": 10, "pubdate": "1931-06-27", "authors": [1]}}, {"model": "hw11.book", "pk": 311, "fields": {"name": "Chronicles of Blake Williamson", "pages": 1462, "price": "29.30", "rating": 2.62, "publisher": 21, "pubdate": "1990-11-14", "authors": [28, 54]}}, {"model": "hw11.book", "pk": 312, "fields": {"name": "Biography of Joseph Lawrence", "pages": 1637, "price": "27.84", "rating": 0.76, "publisher": 6, "pubdate": "1928-12-26", "authors": [3, 77]}}, {"model": "hw11.book", "pk": 313, "fields": {"name": "Unforgettable December", "pages": 880, "price": "40.40", "rating": 3.43, "publisher": 1, "pubdate": "1896-05-17", "authors": [45, 69, 146]}}, {"model": "hw11.book", "pk": 314, "fields": {"name": "Unforgettable April", "pages": 2822, "price": "28.34", "rating": 2.52, "publisher": 19, "pubdate": "1998-10-26", "authors": [31, 95]}}, {"model": "hw11.book", "pk": 315, "fields": {"name": "The kid of Angela Larson", "pages": 2051, "price": "35.13", "rating": 1.66, "publisher": 4, "pubdate": "1931-02-27", "authors": [36]}}, {"model": "hw11.book", "pk": 316, "fields": {"name": "The Journey of Crystal Noble", "pages": 276, "price": "23.58", "rating": 4.47, "publisher": 10, "pubdate": "1981-03-20", "authors": [65, 117]}}, {"model": "hw11.book", "pk": 317, "fields": {"name": "Biography of Pamela Howard", "pages": 1905, "price": "57.92", "rating": 3.82, "publisher": 1, "pubdate": "1963-07-18", "authors": [110]}}, {"model": "hw11.book", "pk": 318, "fields": {"name": "Biography of Jasmine Rice", "pages": 2817, "price": "55.08", "rating": 4.75, "publisher": 11, "pubdate": "1926-10-03", "authors": [16, 58, 110]}}, {"model": "hw11.book", "pk": 319, "fields": {"name": "The Adventures of Brenda Morton", "pages": 1888, "price": "56.07", "rating": 0.92, "publisher": 23, "pubdate": "1904-10-29", "authors": [66]}}, {"model": "hw11.book", "pk": 320, "fields": {"name": "Unforgettable January", "pages": 2021, "price": "41.64", "rating": 3.44, "publisher": 21, "pubdate": "1911-11-12", "authors": [120]}}, {"model": "hw11.book", "pk": 321, "fields": {"name": "The kid of Theodore Johnson", "pages": 599, "price": "49.50", "rating": 3.84, "publisher": 21, "pubdate": "1922-11-24", "authors": [15]}}, {"model": "hw11.book", "pk": 322, "fields": {"name": "The Journey of Brittany Hamilton", "pages": 197, "price": "15.92", "rating": 2.2, "publisher": 14, "pubdate": "1899-06-07", "authors": [25, 65, 100]}}, {"model": "hw11.book", "pk": 323, "fields": {"name": "Chronicles of Vernon Mcneil", "pages": 567, "price": "27.50", "rating": 4.34, "publisher": 17, "pubdate": "1947-09-11", "authors": [112]}}, {"model": "hw11.book", "pk": 324, "fields": {"name": "Unforgettable October", "pages": 2904, "price": "39.31", "rating": 0.38, "publisher": 22, "pubdate": "1925-02-28", "authors": [13, 79]}}, {"model": "hw11.book", "pk": 325, "fields": {"name": "The Journey of Mark Williams", "pages": 1067, "price": "25.50", "rating": 2.28, "publisher": 9, "pubdate": "1928-03-05", "authors": [11, 90]}}, {"model": "hw11.book", "pk": 326, "fields": {"name": "The kid of Samantha Perez", "pages": 681, "price": "34.78", "rating": 3.83, "publisher": 13, "pubdate": "1980-11-07", "authors": [116]}}, {"model": "hw11.book", "pk": 327, "fields": {"name": "Biography of Sherry Richards", "pages": 1610, "price": "45.75", "rating": 3.61, "publisher": 2, "pubdate": "1931-12-19", "authors": [6, 72, 79]}}, {"model": "hw11.book", "pk": 328, "fields": {"name": "Biography of Chad Taylor", "pages": 1743, "price": "19.71", "rating": 3.66, "publisher": 9, "pubdate": "1905-11-03", "authors": [88]}}, {"model": "hw11.book", "pk": 329, "fields": {"name": "Biography of Lydia Arnold", "pages": 1760, "price": "14.16", "rating": 0.28, "publisher": 13, "pubdate": "1938-03-14", "authors": [45, 51]}}, {"model": "hw11.book", "pk": 330, "fields": {"name": "Chronicles of Douglas Pena", "pages": 1448, "price": "55.33", "rating": 1.94, "publisher": 7, "pubdate": "1929-09-10", "authors": [114]}}, {"model": "hw11.book", "pk": 331, "fields": {"name": "The Journey of Jennifer Jensen", "pages": 2662, "price": "30.80", "rating": 2.7, "publisher": 18, "pubdate": "2006-12-01", "authors": [46]}}, {"model": "hw11.book", "pk": 332, "fields": {"name": "Biography of Robert Vasquez", "pages": 1878, "price": "40.09", "rating": 1.14, "publisher": 5, "pubdate": "1975-04-09", "authors": [8, 38]}}, {"model": "hw11.book", "pk": 333, "fields": {"name": "Biography of Amy Lawrence", "pages": 2155, "price": "32.67", "rating": 4.85, "publisher": 19, "pubdate": "1903-08-26", "authors": [37, 70, 83]}}, {"model": "hw11.book", "pk": 334, "fields": {"name": "The Adventures of Breanna Frazier", "pages": 695, "price": "54.32", "rating": 2.61, "publisher": 8, "pubdate": "1997-03-26", "authors": [50, 55, 130]}}, {"model": "hw11.book", "pk": 335, "fields": {"name": "Biography of Robin Cooper", "pages": 1789, "price": "37.43", "rating": 0.02, "publisher": 16, "pubdate": "1993-10-20", "authors": [82, 87, 94]}}, {"model": "hw11.book", "pk": 336, "fields": {"name": "Unforgettable November", "pages": 2727, "price": "54.98", "rating": 2.22, "publisher": 14, "pubdate": "1978-04-24", "authors": [38, 131, 142]}}, {"model": "hw11.book", "pk": 337, "fields": {"name": "The Journey of Eileen Butler", "pages": 2114, "price": "35.32", "rating": 0.16, "publisher": 9, "pubdate": "1953-07-04", "authors": [70]}}, {"model": "hw11.book", "pk": 338, "fields": {"name": "The Journey of Jennifer Mann", "pages": 2588, "price": "35.83", "rating": 0.8, "publisher": 5, "pubdate": "1907-06-28", "authors": [150]}}, {"model": "hw11.book", "pk": 339, "fields": {"name": "Chronicles of Aimee Williams", "pages": 979, "price": "56.80", "rating": 3.25, "publisher": 25, "pubdate": "1893-10-15", "authors": [107, 119]}}, {"model": "hw11.book", "pk": 340, "fields": {"name": "The Journey of Jessica Neal", "pages": 2833, "price": "21.08", "rating": 4.26, "publisher": 4, "pubdate": "1941-02-15", "authors": [108]}}, {"model": "hw11.book", "pk": 341, "fields": {"name": "The kid of Jose Johnson", "pages": 702, "price": "49.16", "rating": 2.44, "publisher": 24, "pubdate": "1925-12-27", "authors": [44]}}, {"model": "hw11.book", "pk": 342, "fields": {"name": "Biography of Kelly Rodriguez", "pages": 169, "price": "36.26", "rating": 0.45, "publisher": 2, "pubdate": "1968-08-19", "authors": [101, 141]}}, {"model": "hw11.book", "pk": 343, "fields": {"name": "The Journey of Sierra Cole", "pages": 2589, "price": "15.24", "rating": 2.46, "publisher": 24, "pubdate": "1983-08-22", "authors": [97]}}, {"model": "hw11.book", "pk": 344, "fields": {"name": "The kid of Michael Meyer", "pages": 1197, "price": "26.50", "rating": 1.19, "publisher": 4, "pubdate": "1996-01-01", "authors": [95, 103]}}, {"model": "hw11.book", "pk": 345, "fields": {"name": "The Journey of Rebecca Matthews", "pages": 2855, "price": "38.89", "rating": 2.94, "publisher": 14, "pubdate": "1902-11-02", "authors": [27, 81]}}, {"model": "hw11.book", "pk": 346, "fields": {"name": "The Journey of James Blair", "pages": 1519, "price": "35.87", "rating": 0.6, "publisher": 1, "pubdate": "1897-02-17", "authors": [34]}}, {"model": "hw11.book", "pk": 347, "fields": {"name": "The kid of Rebecca Church", "pages": 2433, "price": "20.39", "rating": 4.6, "publisher": 24, "pubdate": "1986-08-21", "authors": [104]}}, {"model": "hw11.book", "pk": 348, "fields": {"name": "The Adventures of Carl Giles", "pages": 2071, "price": "52.66", "rating": 1.17, "publisher": 9, "pubdate": "1966-01-26", "authors": [109]}}, {"model": "hw11.book", "pk": 349, "fields": {"name": "Biography of Stephanie Richardson", "pages": 338, "price": "41.13", "rating": 4.78, "publisher": 6, "pubdate": "2002-11-19", "authors": [21, 103]}}, {"model": "hw11.book", "pk": 350, "fields": {"name": "Biography of Allen Miller", "pages": 1994, "price": "12.77", "rating": 0.77, "publisher": 15, "pubdate": "1937-06-27", "authors": [4]}}, {"model": "hw11.book", "pk": 351, "fields": {"name": "The Journey of Amanda Harvey", "pages": 585, "price": "59.58", "rating": 1.61, "publisher": 22, "pubdate": "1915-02-11", "authors": [43]}}, {"model": "hw11.book", "pk": 352, "fields": {"name": "Chronicles of Andre Burgess", "pages": 2916, "price": "41.75", "rating": 3.2, "publisher": 7, "pubdate": "1907-11-10", "authors": [145]}}, {"model": "hw11.book", "pk": 353, "fields": {"name": "The kid of Stephanie Acosta", "pages": 850, "price": "31.80", "rating": 0.78, "publisher": 10, "pubdate": "1954-10-09", "authors": [43, 52, 101]}}, {"model": "hw11.book", "pk": 354, "fields": {"name": "Unforgettable December", "pages": 1729, "price": "23.65", "rating": 3.32, "publisher": 5, "pubdate": "1930-02-01", "authors": [4, 30]}}, {"model": "hw11.book", "pk": 355, "fields": {"name": "The kid of Samantha Phelps", "pages": 1447, "price": "56.40", "rating": 0.07, "publisher": 21, "pubdate": "1969-04-11", "authors": [43, 79, 80]}}, {"model": "hw11.book", "pk": 356, "fields": {"name": "Chronicles of Cesar Higgins", "pages": 243, "price": "10.25", "rating": 0.61, "publisher": 8, "pubdate": "1958-08-14", "authors": [55, 73, 117]}}, {"model": "hw11.book", "pk": 357, "fields": {"name": "Chronicles of Melissa Clarke", "pages": 465, "price": "17.34", "rating": 0.88, "publisher": 17, "pubdate": "1986-10-19", "authors": [21, 40, 78]}}, {"model": "hw11.book", "pk": 358, "fields": {"name": "The Journey of Bryan Young", "pages": 1233, "price": "12.88", "rating": 4.6, "publisher": 1, "pubdate": "1907-11-23", "authors": [34, 41]}}, {"model": "hw11.book", "pk": 359, "fields": {"name": "Unforgettable December", "pages": 2596, "price": "10.43", "rating": 2.41, "publisher": 1, "pubdate": "1991-09-26", "authors": [84]}}, {"model": "hw11.book", "pk": 360, "fields": {"name": "The Adventures of Javier Perry", "pages": 2313, "price": "53.77", "rating": 2.66, "publisher": 22, "pubdate": "1943-01-20", "authors": [19, 47, 69]}}, {"model": "hw11.book", "pk": 361, "fields": {"name": "Chronicles of Hunter Carter", "pages": 1823, "price": "36.40", "rating": 4.46, "publisher": 4, "pubdate": "1977-08-08", "authors": [10, 132]}}, {"model": "hw11.book", "pk": 362, "fields": {"name": "The kid of Patrick Simmons", "pages": 2174, "price": "35.61", "rating": 1.62, "publisher": 19, "pubdate": "1973-06-05", "authors": [54]}}, {"model": "hw11.book", "pk": 363, "fields": {"name": "Unforgettable October", "pages": 278, "price": "25.02", "rating": 1.87, "publisher": 10, "pubdate": "1933-06-11", "authors": [41, 104]}}, {"model": "hw11.book", "pk": 364, "fields": {"name": "Chronicles of Denise Larson", "pages": 2027, "price": "19.58", "rating": 2.41, "publisher": 13, "pubdate": "1923-12-17", "authors": [4, 100]}}, {"model": "hw11.book", "pk": 365, "fields": {"name": "The Adventures of Elizabeth Craig", "pages": 792, "price": "22.54", "rating": 3.11, "publisher": 8, "pubdate": "1977-07-15", "authors": [49, 70]}}, {"model": "hw11.book", "pk": 366, "fields": {"name": "The Adventures of Kimberly Robinson", "pages": 143, "price": "47.38", "rating": 4.26, "publisher": 5, "pubdate": "1893-07-29", "authors": [58, 87, 121]}}, {"model": "hw11.book", "pk": 367, "fields": {"name": "The Adventures of John Mccoy", "pages": 1336, "price": "33.97", "rating": 2.51, "publisher": 14, "pubdate": "1961-07-02", "authors": [17, 29]}}, {"model": "hw11.book", "pk": 368, "fields": {"name": "Chronicles of Michelle Andrade", "pages": 1915, "price": "54.10", "rating": 0.04, "publisher": 23, "pubdate": "1908-07-03", "authors": [75]}}, {"model": "hw11.book", "pk": 369, "fields": {"name": "The Journey of Karen Franco", "pages": 392, "price": "32.96", "rating": 0.49, "publisher": 14, "pubdate": "1979-03-22", "authors": [57]}}, {"model": "hw11.book", "pk": 370, "fields": {"name": "Biography of Andrew Patrick", "pages": 608, "price": "52.86", "rating": 4.77, "publisher": 13, "pubdate": "1959-04-01", "authors": [7, 56]}}, {"model": "hw11.book", "pk": 371, "fields": {"name": "The kid of Carl Moore", "pages": 2289, "price": "16.64", "rating": 0.29, "publisher": 13, "pubdate": "1939-06-17", "authors": [105, 110]}}, {"model": "hw11.book", "pk": 372, "fields": {"name": "The Adventures of Sarah Ellis", "pages": 882, "price": "36.95", "rating": 1.22, "publisher": 19, "pubdate": "1981-04-26", "authors": [29, 133]}}, {"model": "hw11.book", "pk": 373, "fields": {"name": "The Journey of Brian White", "pages": 1976, "price": "21.43", "rating": 4.6, "publisher": 6, "pubdate": "1992-05-26", "authors": [65, 78, 102]}}, {"model": "hw11.book", "pk": 374, "fields": {"name": "The Journey of Lori Love", "pages": 2207, "price": "51.84", "rating": 0.82, "publisher": 9, "pubdate": "1980-07-18", "authors": [102]}}, {"model": "hw11.book", "pk": 375, "fields": {"name": "The Adventures of Scott Neal", "pages": 934, "price": "48.61", "rating": 0.62, "publisher": 23, "pubdate": "2001-01-06", "authors": [28, 57, 130]}}, {"model": "hw11.book", "pk": 376, "fields": {"name": "Biography of Jessica Vang", "pages": 2254, "price": "36.80", "rating": 2.31, "publisher": 10, "pubdate": "1976-12-18", "authors": [109]}}, {"model": "hw11.book", "pk": 377, "fields": {"name": "Biography of Jonathan Sanchez", "pages": 1076, "price": "46.36", "rating": 4.02, "publisher": 9, "pubdate": "1996-01-10", "authors": [16]}}, {"model": "hw11.book", "pk": 378, "fields": {"name": "The Adventures of Matthew Hodge", "pages": 831, "price": "35.59", "rating": 0.45, "publisher": 13, "pubdate": "1997-09-13", "authors": [77, 126]}}, {"model": "hw11.book", "pk": 379, "fields": {"name": "The Journey of Edwin Jenkins", "pages": 1732, "price": "51.09", "rating": 0.13, "publisher": 15, "pubdate": "1917-11-25", "authors": [22, 43, 127]}}, {"model": "hw11.book", "pk": 380, "fields": {"name": "Biography of Paula Williams", "pages": 1971, "price": "28.74", "rating": 4.84, "publisher": 9, "pubdate": "2006-02-27", "authors": [62]}}, {"model": "hw11.book", "pk": 381, "fields": {"name": "The Adventures of James Martin", "pages": 638, "price": "12.16", "rating": 3.6, "publisher": 7, "pubdate": "1980-08-30", "authors": [28, 76, 126]}}, {"model": "hw11.book", "pk": 382, "fields": {"name": "Biography of Bianca Hood", "pages": 1760, "price": "15.69", "rating": 0.6, "publisher": 14, "pubdate": "1909-06-21", "authors": [3, 111, 122]}}, {"model": "hw11.book", "pk": 383, "fields": {"name": "The Journey of Danielle Mccarthy", "pages": 230, "price": "50.24", "rating": 3.5, "publisher": 4, "pubdate": "1988-01-18", "authors": [100]}}, {"model": "hw11.book", "pk": 384, "fields": {"name": "Biography of Joshua Wagner", "pages": 775, "price": "43.80", "rating": 3.72, "publisher": 20, "pubdate": "1958-03-30", "authors": [27, 124]}}, {"model": "hw11.book", "pk": 385, "fields": {"name": "Chronicles of Wendy Newman", "pages": 2137, "price": "39.97", "rating": 0.75, "publisher": 23, "pubdate": "1939-01-16", "authors": [125, 128, 138]}}, {"model": "hw11.book", "pk": 386, "fields": {"name": "Chronicles of Brenda Strickland", "pages": 159, "price": "50.49", "rating": 4.21, "publisher": 11, "pubdate": "1902-10-09", "authors": [21, 31, 65]}}, {"model": "hw11.book", "pk": 387, "fields": {"name": "Chronicles of Samantha Short", "pages": 1488, "price": "29.55", "rating": 4.72, "publisher": 2, "pubdate": "1932-10-24", "authors": [87, 105, 148]}}, {"model": "hw11.book", "pk": 388, "fields": {"name": "The Adventures of Lori Hines", "pages": 2010, "price": "13.17", "rating": 3.92, "publisher": 12, "pubdate": "1927-03-10", "authors": [123, 138, 143]}}, {"model": "hw11.book", "pk": 389, "fields": {"name": "Chronicles of Penny Hardy", "pages": 1901, "price": "53.19", "rating": 2.55, "publisher": 24, "pubdate": "1901-11-09", "authors": [5]}}, {"model": "hw11.book", "pk": 390, "fields": {"name": "The kid of Phyllis Cook", "pages": 166, "price": "36.94", "rating": 0.59, "publisher": 3, "pubdate": "1908-03-15", "authors": [2]}}, {"model": "hw11.book", "pk": 391, "fields": {"name": "Chronicles of Crystal Golden", "pages": 365, "price": "16.23", "rating": 3.59, "publisher": 23, "pubdate": "1922-05-14", "authors": [75, 137]}}, {"model": "hw11.book", "pk": 392, "fields": {"name": "Unforgettable August", "pages": 2411, "price": "16.29", "rating": 4.65, "publisher": 24, "pubdate": "1931-12-13", "authors": [102, 148]}}, {"model": "hw11.book", "pk": 393, "fields": {"name": "Unforgettable January", "pages": 2072, "price": "49.68", "rating": 3.23, "publisher": 24, "pubdate": "1943-07-17", "authors": [107]}}, {"model": "hw11.book", "pk": 394, "fields": {"name": "Biography of Sean West", "pages": 1924, "price": "57.90", "rating": 0.62, "publisher": 4, "pubdate": "1978-05-25", "authors": [72, 75]}}, {"model": "hw11.book", "pk": 395, "fields": {"name": "Chronicles of Courtney Gonzalez", "pages": 1566, "price": "54.78", "rating": 3.91, "publisher": 15, "pubdate": "2003-09-28", "authors": [70, 126]}}, {"model": "hw11.book", "pk": 396, "fields": {"name": "The kid of Cristian Phillips", "pages": 999, "price": "14.74", "rating": 1.42, "publisher": 21, "pubdate": "1923-02-10", "authors": [84, 123]}}, {"model": "hw11.book", "pk": 397, "fields": {"name": "Unforgettable January", "pages": 120, "price": "18.24", "rating": 0.48, "publisher": 13, "pubdate": "1943-10-15", "authors": [14, 20, 48]}}, {"model": "hw11.book", "pk": 398, "fields": {"name": "The Journey of Bryan Grimes", "pages": 1767, "price": "39.09", "rating": 0.14, "publisher": 12, "pubdate": "1923-10-10", "authors": [63, 139]}}, {"model": "hw11.book", "pk": 399, "fields": {"name": "Chronicles of Laura Cruz", "pages": 122, "price": "43.92", "rating": 3.24, "publisher": 12, "pubdate": "1926-05-11", "authors": [54, 58, 66]}}, {"model": "hw11.book", "pk": 400, "fields": {"name": "Unforgettable May", "pages": 720, "price": "23.99", "rating": 1.69, "publisher": 1, "pubdate": "1983-07-22", "authors": [74, 77]}}, {"model": "hw11.book", "pk": 401, "fields": {"name": "Chronicles of Katherine King", "pages": 2554, "price": "42.55", "rating": 4.05, "publisher": 11, "pubdate": "1991-08-21", "authors": [92]}}, {"model": "hw11.book", "pk": 402, "fields": {"name": "Chronicles of Terry Brown", "pages": 2661, "price": "31.23", "rating": 1.45, "publisher": 1, "pubdate": "1911-06-17", "authors": [65, 86]}}, {"model": "hw11.book", "pk": 403, "fields": {"name": "Chronicles of Brittany Anderson", "pages": 172, "price": "44.77", "rating": 4.46, "publisher": 2, "pubdate": "1937-07-24", "authors": [4]}}, {"model": "hw11.book", "pk": 404, "fields": {"name": "The Adventures of Kristy Wilson", "pages": 1945, "price": "31.08", "rating": 3.13, "publisher": 13, "pubdate": "1970-05-11", "authors": [40, 95, 130]}}, {"model": "hw11.book", "pk": 405, "fields": {"name": "The Journey of Betty Sloan", "pages": 2937, "price": "32.29", "rating": 0.35, "publisher": 15, "pubdate": "1978-05-22", "authors": [10]}}, {"model": "hw11.book", "pk": 406, "fields": {"name": "Chronicles of Sabrina Coleman", "pages": 737, "price": "18.51", "rating": 1.74, "publisher": 24, "pubdate": "1956-01-07", "authors": [13, 40, 75]}}, {"model": "hw11.book", "pk": 407, "fields": {"name": "The kid of Edward Smith", "pages": 2484, "price": "35.50", "rating": 4.06, "publisher": 24, "pubdate": "1982-04-28", "authors": [126]}}, {"model": "hw11.book", "pk": 408, "fields": {"name": "The kid of Dr. Valerie Lee", "pages": 1042, "price": "12.20", "rating": 3.18, "publisher": 23, "pubdate": "1960-07-10", "authors": [34]}}, {"model": "hw11.book", "pk": 409, "fields": {"name": "The kid of Alicia Snyder", "pages": 1323, "price": "30.43", "rating": 4.15, "publisher": 13, "pubdate": "1961-08-11", "authors": [57]}}, {"model": "hw11.book", "pk": 410, "fields": {"name": "The kid of Howard Gross", "pages": 1618, "price": "28.67", "rating": 3.42, "publisher": 3, "pubdate": "2005-10-21", "authors": [32, 100]}}, {"model": "hw11.book", "pk": 411, "fields": {"name": "Unforgettable June", "pages": 574, "price": "56.40", "rating": 2.26, "publisher": 16, "pubdate": "1931-05-13", "authors": [103]}}, {"model": "hw11.book", "pk": 412, "fields": {"name": "Biography of Frank Johnson", "pages": 2850, "price": "49.28", "rating": 0.83, "publisher": 16, "pubdate": "1979-03-25", "authors": [10, 61, 82]}}, {"model": "hw11.book", "pk": 413, "fields": {"name": "Unforgettable September", "pages": 2015, "price": "14.09", "rating": 2.21, "publisher": 13, "pubdate": "1959-03-12", "authors": [76, 98, 115]}}, {"model": "hw11.book", "pk": 414, "fields": {"name": "Unforgettable November", "pages": 2204, "price": "50.20", "rating": 1.97, "publisher": 21, "pubdate": "1952-06-24", "authors": [7, 14]}}, {"model": "hw11.book", "pk": 415, "fields": {"name": "The Journey of Lisa Simon", "pages": 1554, "price": "19.80", "rating": 0.16, "publisher": 1, "pubdate": "1915-03-11", "authors": [49]}}, {"model": "hw11.book", "pk": 416, "fields": {"name": "Biography of Katherine Johnson", "pages": 1709, "price": "20.45", "rating": 0.7, "publisher": 2, "pubdate": "1911-06-05", "authors": [100]}}, {"model": "hw11.book", "pk": 417, "fields": {"name": "The Journey of Douglas Flowers", "pages": 1237, "price": "35.25", "rating": 4.11, "publisher": 8, "pubdate": "1961-03-24", "authors": [119]}}, {"model": "hw11.book", "pk": 418, "fields": {"name": "Biography of Ryan Wright", "pages": 2610, "price": "35.36", "rating": 1.91, "publisher": 13, "pubdate": "1990-08-12", "authors": [11, 141]}}, {"model": "hw11.book", "pk": 419, "fields": {"name": "The Journey of Sonya Gomez", "pages": 639, "price": "10.65", "rating": 4.33, "publisher": 7, "pubdate": "1972-08-24", "authors": [52, 122]}}, {"model": "hw11.book", "pk": 420, "fields": {"name": "The Adventures of Sarah Benton", "pages": 736, "price": "27.03", "rating": 4.75, "publisher": 18, "pubdate": "1967-09-04", "authors": [16, 102, 121]}}, {"model": "hw11.book", "pk": 421, "fields": {"name": "The kid of Joshua Dunlap", "pages": 2931, "price": "59.51", "rating": 2.81, "publisher": 15, "pubdate": "1965-07-29", "authors": [24, 133]}}, {"model": "hw11.book", "pk": 422, "fields": {"name": "The Adventures of Adrian Davidson", "pages": 682, "price": "59.10", "rating": 0.5, "publisher": 16, "pubdate": "1988-04-14", "authors": [74]}}, {"model": "hw11.book", "pk": 423, "fields": {"name": "Biography of Angela Harris", "pages": 1885, "price": "52.40", "rating": 3.56, "publisher": 20, "pubdate": "1990-09-19", "authors": [120]}}, {"model": "hw11.book", "pk": 424, "fields": {"name": "The Journey of Stephanie Parsons", "pages": 2246, "price": "48.66", "rating": 1.02, "publisher": 12, "pubdate": "1951-04-05", "authors": [13, 20, 37]}}, {"model": "hw11.book", "pk": 425, "fields": {"name": "The Adventures of Erin Thornton", "pages": 441, "price": "25.32", "rating": 4.46, "publisher": 19, "pubdate": "1989-02-11", "authors": [89]}}, {"model": "hw11.book", "pk": 426, "fields": {"name": "The Adventures of Corey Hebert", "pages": 2273, "price": "45.78", "rating": 3.75, "publisher": 16, "pubdate": "1936-06-17", "authors": [50, 141]}}, {"model": "hw11.book", "pk": 427, "fields": {"name": "Unforgettable October", "pages": 1335, "price": "47.75", "rating": 2.79, "publisher": 15, "pubdate": "1939-03-10", "authors": [77]}}, {"model": "hw11.book", "pk": 428, "fields": {"name": "Biography of Randall Barry", "pages": 995, "price": "49.64", "rating": 0.9, "publisher": 13, "pubdate": "2006-09-25", "authors": [45, 51]}}, {"model": "hw11.book", "pk": 429, "fields": {"name": "The Adventures of Carolyn Wade", "pages": 2254, "price": "21.43", "rating": 0.49, "publisher": 21, "pubdate": "1998-01-16", "authors": [103]}}, {"model": "hw11.book", "pk": 430, "fields": {"name": "Biography of Mark Suarez", "pages": 197, "price": "13.78", "rating": 0.86, "publisher": 11, "pubdate": "2002-12-06", "authors": [40, 44, 145]}}, {"model": "hw11.book", "pk": 431, "fields": {"name": "The Journey of Lisa Hunter", "pages": 555, "price": "53.55", "rating": 0.07, "publisher": 2, "pubdate": "1914-05-14", "authors": [6]}}, {"model": "hw11.book", "pk": 432, "fields": {"name": "Chronicles of Adam Garcia", "pages": 1760, "price": "54.27", "rating": 1.23, "publisher": 9, "pubdate": "1939-06-01", "authors": [61, 115]}}, {"model": "hw11.book", "pk": 433, "fields": {"name": "Chronicles of Jennifer Stark", "pages": 1269, "price": "46.43", "rating": 4.94, "publisher": 23, "pubdate": "1932-10-14", "authors": [48]}}, {"model": "hw11.book", "pk": 434, "fields": {"name": "Chronicles of Brent Soto", "pages": 1319, "price": "38.93", "rating": 1.44, "publisher": 24, "pubdate": "1926-01-06", "authors": [5]}}, {"model": "hw11.book", "pk": 435, "fields": {"name": "Biography of Jennifer Hernandez", "pages": 1931, "price": "19.75", "rating": 0.88, "publisher": 16, "pubdate": "1995-08-05", "authors": [2, 11, 25]}}, {"model": "hw11.book", "pk": 436, "fields": {"name": "Chronicles of Jade Diaz", "pages": 372, "price": "44.58", "rating": 1.79, "publisher": 14, "pubdate": "1982-10-23", "authors": [72, 93]}}, {"model": "hw11.book", "pk": 437, "fields": {"name": "The Adventures of Dr. John Johnson", "pages": 2338, "price": "58.02", "rating": 3.19, "publisher": 19, "pubdate": "1893-10-28", "authors": [143]}}, {"model": "hw11.book", "pk": 438, "fields": {"name": "Biography of Edward Howell", "pages": 2470, "price": "17.81", "rating": 2.57, "publisher": 17, "pubdate": "1986-09-10", "authors": [40, 133]}}, {"model": "hw11.book", "pk": 439, "fields": {"name": "Unforgettable February", "pages": 1576, "price": "46.91", "rating": 2.97, "publisher": 3, "pubdate": "1950-08-29", "authors": [94, 100]}}, {"model": "hw11.book", "pk": 440, "fields": {"name": "The Adventures of Gordon Rasmussen", "pages": 2165, "price": "43.67", "rating": 1.54, "publisher": 16, "pubdate": "1994-11-19", "authors": [41, 79, 124]}}, {"model": "hw11.book", "pk": 441, "fields": {"name": "Chronicles of Sarah Brown", "pages": 1777, "price": "24.27", "rating": 0.56, "publisher": 4, "pubdate": "1953-03-10", "authors": [55, 110, 136]}}, {"model": "hw11.book", "pk": 442, "fields": {"name": "Unforgettable March", "pages": 1980, "price": "51.68", "rating": 4.16, "publisher": 16, "pubdate": "1922-04-25", "authors": [22]}}, {"model": "hw11.book", "pk": 443, "fields": {"name": "The Journey of Brian Kane", "pages": 1523, "price": "19.04", "rating": 4.13, "publisher": 11, "pubdate": "1963-02-17", "authors": [46, 130]}}, {"model": "hw11.book", "pk": 444, "fields": {"name": "Unforgettable August", "pages": 354, "price": "13.37", "rating": 3.64, "publisher": 12, "pubdate": "1900-07-18", "authors": [95]}}, {"model": "hw11.book", "pk": 445, "fields": {"name": "Chronicles of Sarah Robinson", "pages": 2479, "price": "26.96", "rating": 1.77, "publisher": 7, "pubdate": "1902-05-01", "authors": [103, 142]}}, {"model": "hw11.book", "pk": 446, "fields": {"name": "Chronicles of Alex Dougherty", "pages": 1484, "price": "11.22", "rating": 4.06, "publisher": 24, "pubdate": "1961-12-23", "authors": [97, 101, 108]}}, {"model": "hw11.book", "pk": 447, "fields": {"name": "The Journey of Daniel Dickerson", "pages": 2280, "price": "22.90", "rating": 2.16, "publisher": 5, "pubdate": "1941-12-03", "authors": [136]}}, {"model": "hw11.book", "pk": 448, "fields": {"name": "Chronicles of Julie Chambers", "pages": 809, "price": "46.94", "rating": 3.31, "publisher": 21, "pubdate": "1928-04-21", "authors": [49, 60, 111]}}, {"model": "hw11.book", "pk": 449, "fields": {"name": "The Journey of Terry Smith", "pages": 2197, "price": "54.88", "rating": 1.84, "publisher": 1, "pubdate": "1993-09-21", "authors": [49]}}, {"model": "hw11.book", "pk": 450, "fields": {"name": "The Adventures of Gregory Smith", "pages": 1837, "price": "45.00", "rating": 4.41, "publisher": 1, "pubdate": "1947-05-17", "authors": [66, 78]}}, {"model": "hw11.book", "pk": 451, "fields": {"name": "Biography of Michael Jennings", "pages": 2573, "price": "22.97", "rating": 1.93, "publisher": 5, "pubdate": "1949-12-19", "authors": [31, 75]}}, {"model": "hw11.book", "pk": 452, "fields": {"name": "The kid of Dawn Torres PhD", "pages": 2645, "price": "19.16", "rating": 0.03, "publisher": 8, "pubdate": "1967-03-31", "authors": [28, 124]}}, {"model": "hw11.book", "pk": 453, "fields": {"name": "Unforgettable March", "pages": 759, "price": "17.57", "rating": 0.87, "publisher": 1, "pubdate": "1997-06-23", "authors": [23, 149]}}, {"model": "hw11.book", "pk": 454, "fields": {"name": "Unforgettable July", "pages": 2249, "price": "48.36", "rating": 1.37, "publisher": 12, "pubdate": "1985-07-26", "authors": [14, 83, 133]}}, {"model": "hw11.book", "pk": 455, "fields": {"name": "The kid of Keith Wood", "pages": 2942, "price": "23.15", "rating": 1.01, "publisher": 3, "pubdate": "1993-06-06", "authors": [48]}}, {"model": "hw11.book", "pk": 456, "fields": {"name": "Chronicles of Richard Gray", "pages": 2266, "price": "31.37", "rating": 2.04, "publisher": 23, "pubdate": "1968-09-08", "authors": [84, 96, 100]}}, {"model": "hw11.book", "pk": 457, "fields": {"name": "Biography of Michael Casey", "pages": 1281, "price": "31.31", "rating": 2.43, "publisher": 9, "pubdate": "1971-10-01", "authors": [29]}}, {"model": "hw11.book", "pk": 458, "fields": {"name": "The Journey of Donald Saunders", "pages": 1804, "price": "40.41", "rating": 2.83, "publisher": 4, "pubdate": "1893-02-26", "authors": [32, 62, 73]}}, {"model": "hw11.book", "pk": 459, "fields": {"name": "Biography of Tiffany Brooks", "pages": 2615, "price": "34.42", "rating": 2.44, "publisher": 11, "pubdate": "1993-12-20", "authors": [47, 118, 142]}}, {"model": "hw11.book", "pk": 460, "fields": {"name": "The Adventures of Timothy Howell", "pages": 383, "price": "48.66", "rating": 4.4, "publisher": 19, "pubdate": "1991-09-01", "authors": [12, 28]}}, {"model": "hw11.book", "pk": 461, "fields": {"name": "The Journey of Sarah Miller", "pages": 1716, "price": "13.46", "rating": 0.64, "publisher": 5, "pubdate": "1985-06-26", "authors": [62, 139]}}, {"model": "hw11.book", "pk": 462, "fields": {"name": "Biography of Paula Cortez", "pages": 1998, "price": "29.24", "rating": 2.86, "publisher": 9, "pubdate": "1951-11-28", "authors": [51]}}, {"model": "hw11.book", "pk": 463, "fields": {"name": "Unforgettable September", "pages": 2024, "price": "56.09", "rating": 1.43, "publisher": 24, "pubdate": "1893-07-27", "authors": [35, 92, 96]}}, {"model": "hw11.book", "pk": 464, "fields": {"name": "The Journey of Amy Rush", "pages": 2560, "price": "16.21", "rating": 0.64, "publisher": 14, "pubdate": "1897-06-21", "authors": [10, 56, 138]}}, {"model": "hw11.book", "pk": 465, "fields": {"name": "The Adventures of Ronnie Anderson", "pages": 735, "price": "44.43", "rating": 1.11, "publisher": 13, "pubdate": "1951-03-23", "authors": [129]}}, {"model": "hw11.book", "pk": 466, "fields": {"name": "Chronicles of Samantha Barker", "pages": 2130, "price": "13.97", "rating": 2.37, "publisher": 4, "pubdate": "2004-10-16", "authors": [9, 27, 38]}}, {"model": "hw11.book", "pk": 467, "fields": {"name": "The Journey of Walter Ferguson", "pages": 1898, "price": "49.20", "rating": 2.8, "publisher": 6, "pubdate": "1978-09-11", "authors": [9, 92, 147]}}, {"model": "hw11.book", "pk": 468, "fields": {"name": "Biography of Carol Mcintyre", "pages": 1830, "price": "29.52", "rating": 1.9, "publisher": 9, "pubdate": "1958-06-07", "authors": [124]}}, {"model": "hw11.book", "pk": 469, "fields": {"name": "The Adventures of Justin Walker", "pages": 2057, "price": "41.97", "rating": 1.42, "publisher": 25, "pubdate": "1955-06-29", "authors": [70]}}, {"model": "hw11.book", "pk": 470, "fields": {"name": "Chronicles of David Smith", "pages": 2841, "price": "42.11", "rating": 4.99, "publisher": 10, "pubdate": "1997-06-07", "authors": [69]}}, {"model": "hw11.book", "pk": 471, "fields": {"name": "Chronicles of Joel Smith", "pages": 2289, "price": "57.81", "rating": 4.21, "publisher": 15, "pubdate": "1912-09-29", "authors": [82]}}, {"model": "hw11.book", "pk": 472, "fields": {"name": "The Adventures of Michael Carter", "pages": 1800, "price": "40.20", "rating": 1.69, "publisher": 20, "pubdate": "1979-05-19", "authors": [111]}}, {"model": "hw11.book", "pk": 473, "fields": {"name": "The kid of Tyler Vazquez", "pages": 1431, "price": "42.00", "rating": 0.85, "publisher": 20, "pubdate": "1903-03-09", "authors": [125, 127]}}, {"model": "hw11.book", "pk": 474, "fields": {"name": "Unforgettable September", "pages": 294, "price": "14.23", "rating": 1.67, "publisher": 17, "pubdate": "1978-12-17", "authors": [62, 117, 132]}}, {"model": "hw11.book", "pk": 475, "fields": {"name": "Unforgettable November", "pages": 1704, "price": "56.95", "rating": 4.05, "publisher": 11, "pubdate": "1934-09-14", "authors": [32, 100]}}, {"model": "hw11.book", "pk": 476, "fields": {"name": "The kid of Patricia Andrews", "pages": 1172, "price": "53.63", "rating": 1.37, "publisher": 4, "pubdate": "1998-12-27", "authors": [1, 17, 83]}}, {"model": "hw11.book", "pk": 477, "fields": {"name": "The Adventures of Tyler Nelson", "pages": 2593, "price": "55.16", "rating": 3.53, "publisher": 17, "pubdate": "1908-03-15", "authors": [12, 44, 123]}}, {"model": "hw11.book", "pk": 478, "fields": {"name": "The Journey of Melissa Moore", "pages": 2533, "price": "53.73", "rating": 4.25, "publisher": 12, "pubdate": "1974-05-28", "authors": [38]}}, {"model": "hw11.book", "pk": 479, "fields": {"name": "Unforgettable October", "pages": 2306, "price": "59.66", "rating": 3.96, "publisher": 9, "pubdate": "1951-01-29", "authors": [23, 42, 49]}}, {"model": "hw11.book", "pk": 480, "fields": {"name": "Unforgettable June", "pages": 2306, "price": "48.66", "rating": 0.52, "publisher": 8, "pubdate": "1979-04-14", "authors": [20, 42, 109]}}, {"model": "hw11.book", "pk": 481, "fields": {"name": "Chronicles of Nicole Johnson", "pages": 945, "price": "57.30", "rating": 1.78, "publisher": 10, "pubdate": "1970-04-29", "authors": [90, 113, 132]}}, {"model": "hw11.book", "pk": 482, "fields": {"name": "Chronicles of Jason Mccarthy", "pages": 735, "price": "12.86", "rating": 2.83, "publisher": 8, "pubdate": "1927-02-24", "authors": [40, 149]}}, {"model": "hw11.book", "pk": 483, "fields": {"name": "Unforgettable January", "pages": 123, "price": "16.38", "rating": 4.41, "publisher": 21, "pubdate": "1997-04-13", "authors": [50, 106, 117]}}, {"model": "hw11.book", "pk": 484, "fields": {"name": "Unforgettable November", "pages": 152, "price": "10.44", "rating": 3.87, "publisher": 2, "pubdate": "1981-02-14", "authors": [34, 111, 119]}}, {"model": "hw11.book", "pk": 485, "fields": {"name": "Chronicles of Donald Ali", "pages": 1117, "price": "24.83", "rating": 4.16, "publisher": 12, "pubdate": "1901-11-20", "authors": [128]}}, {"model": "hw11.book", "pk": 486, "fields": {"name": "The kid of Chase Garcia", "pages": 2818, "price": "40.52", "rating": 1.82, "publisher": 5, "pubdate": "1929-10-17", "authors": [97]}}, {"model": "hw11.book", "pk": 487, "fields": {"name": "The kid of Vanessa Haney", "pages": 2862, "price": "23.92", "rating": 3.83, "publisher": 8, "pubdate": "1964-03-06", "authors": [29, 30, 38]}}, {"model": "hw11.book", "pk": 488, "fields": {"name": "The Adventures of Elizabeth Wagner", "pages": 1803, "price": "16.83", "rating": 1.8, "publisher": 13, "pubdate": "2005-08-25", "authors": [12, 17, 25]}}, {"model": "hw11.book", "pk": 489, "fields": {"name": "The kid of Rebecca Campbell", "pages": 1590, "price": "34.90", "rating": 2.97, "publisher": 21, "pubdate": "1896-01-03", "authors": [3]}}, {"model": "hw11.book", "pk": 490, "fields": {"name": "Biography of Michael Davis", "pages": 2679, "price": "20.76", "rating": 0.92, "publisher": 22, "pubdate": "1902-09-03", "authors": [51, 73, 81]}}, {"model": "hw11.book", "pk": 491, "fields": {"name": "The Journey of Charles Brooks", "pages": 569, "price": "39.40", "rating": 4.89, "publisher": 16, "pubdate": "1904-11-05", "authors": [51, 66, 85]}}, {"model": "hw11.book", "pk": 492, "fields": {"name": "The kid of James Smith", "pages": 1140, "price": "18.32", "rating": 2.77, "publisher": 5, "pubdate": "2005-02-16", "authors": [22]}}, {"model": "hw11.book", "pk": 493, "fields": {"name": "The Journey of Marcia Turner", "pages": 2020, "price": "16.50", "rating": 2.68, "publisher": 23, "pubdate": "1912-07-16", "authors": [5, 13, 130]}}, {"model": "hw11.book", "pk": 494, "fields": {"name": "The kid of Kristina Cole", "pages": 1488, "price": "50.09", "rating": 1.69, "publisher": 4, "pubdate": "2002-02-07", "authors": [84, 115]}}, {"model": "hw11.book", "pk": 495, "fields": {"name": "The Journey of Alexandra Thomas", "pages": 1505, "price": "52.03", "rating": 0.95, "publisher": 20, "pubdate": "1949-10-07", "authors": [148]}}, {"model": "hw11.book", "pk": 496, "fields": {"name": "Biography of Emily Evans", "pages": 2013, "price": "37.73", "rating": 3.24, "publisher": 17, "pubdate": "1976-10-28", "authors": [27, 68]}}, {"model": "hw11.book", "pk": 497, "fields": {"name": "The Journey of Mr. Isaiah Nichols MD", "pages": 369, "price": "25.03", "rating": 3.3, "publisher": 16, "pubdate": "1902-07-29", "authors": [12, 60, 94]}}, {"model": "hw11.book", "pk": 498, "fields": {"name": "Unforgettable April", "pages": 1497, "price": "25.77", "rating": 1.58, "publisher": 2, "pubdate": "1932-12-18", "authors": [37]}}, {"model": "hw11.book", "pk": 499, "fields": {"name": "The kid of Alexandra House", "pages": 682, "price": "43.75", "rating": 1.1, "publisher": 20, "pubdate": "1905-12-14", "authors": [113, 129]}}, {"model": "hw11.book", "pk": 500, "fields": {"name": "Biography of Michael Sanchez", "pages": 1847, "price": "31.66", "rating": 0.24, "publisher": 2, "pubdate": "1962-11-16", "authors": [4, 5, 49]}}, {"model": "hw11.store", "pk": 1, "fields": {"name": "Jason Porter's Book Store", "books": [1, 4, 9, 10, 11, 14, 15, 16, 17, 18, 20, 22, 25, 26, 27, 28, 29, 30, 31, 32, 45, 48, 49, 50, 52, 54, 55, 58, 61, 63, 66, 68, 70, 73, 74, 78, 79, 83, 86, 88, 89, 90, 92, 93, 95, 99, 100, 102, 104, 105, 107, 108, 110, 113, 115, 116, 117, 118, 119, 121, 122, 125, 128, 129, 130, 131, 133, 134, 137, 138, 139, 141, 142, 143, 144, 145, 149, 150, 152, 155, 157, 159, 160, 165, 166, 167, 168, 169, 171, 172, 179, 181, 182, 183, 184, 185, 190, 191, 195, 198, 201, 203, 205, 207, 208, 209, 211, 213, 215, 216, 217, 218, 219, 220, 222, 226, 227, 229, 230, 231, 234, 235, 237, 238, 239, 240, 245, 246, 248, 250, 251, 256, 259, 263, 266, 267, 269, 271, 272, 273, 274, 275, 280, 283, 284, 285, 286, 288, 289, 291, 292, 296, 297, 302, 304, 305, 311, 312, 314, 315, 317, 320, 321, 322, 323, 324, 327, 328, 329, 331, 332, 335, 338, 339, 341, 342, 343, 345, 354, 355, 358, 362, 363, 365, 366, 367, 369, 373, 375, 376, 379, 382, 383, 386, 388, 389, 391, 392, 393, 397, 398, 399, 400, 403, 404, 409, 410, 411, 413, 414, 415, 419, 420, 423, 427, 430, 433, 435, 438, 441, 442, 443, 444, 445, 446, 447, 449, 452, 459, 460, 461, 463, 464, 465, 467, 469, 471, 474, 476, 478, 479, 485, 487, 489, 490, 491, 492, 493, 494, 496, 497, 498, 499]}}, {"model": "hw11.store", "pk": 2, "fields": {"name": "Rebecca Anderson's Book Store", "books": [11, 17, 24, 33, 34, 36, 53, 70, 91, 98, 100, 115, 116, 133, 136, 138, 145, 146, 147, 155, 182, 187, 195, 196, 206, 208, 225, 226, 227, 236, 244, 248, 271, 275, 276, 287, 294, 296, 297, 298, 300, 307, 309, 311, 315, 338, 339, 341, 345, 347, 351, 358, 362, 367, 370, 398, 400, 431, 439, 440, 457, 465, 467, 471, 473, 474, 476, 481, 484, 486, 489, 491, 492]}}, {"model": "hw11.store", "pk": 3, "fields": {"name": "Sarah Estrada's Book Store", "books": [4, 5, 6, 11, 14, 16, 19, 21, 23, 25, 26, 28, 31, 33, 34, 43, 44, 48, 52, 54, 56, 57, 58, 62, 63, 64, 65, 68, 75, 81, 82, 83, 86, 88, 89, 90, 91, 93, 95, 96, 98, 100, 104, 108, 109, 110, 111, 112, 113, 115, 121, 123, 124, 127, 128, 130, 131, 133, 134, 136, 138, 140, 141, 142, 145, 146, 148, 152, 154, 156, 157, 162, 164, 166, 167, 169, 170, 171, 172, 174, 175, 176, 178, 185, 190, 191, 195, 196, 197, 201, 203, 204, 206, 207, 211, 213, 218, 220, 221, 222, 225, 228, 229, 232, 233, 234, 241, 249, 252, 253, 256, 257, 258, 259, 263, 264, 265, 266, 267, 268, 269, 270, 274, 277, 279, 281, 283, 284, 285, 290, 291, 292, 293, 296, 299, 304, 307, 308, 309, 310, 315, 322, 324, 327, 328, 332, 334, 335, 340, 349, 352, 355, 357, 358, 360, 362, 363, 364, 366, 368, 373, 376, 377, 378, 380, 383, 385, 387, 388, 390, 391, 394, 396, 397, 399, 400, 401, 402, 405, 406, 407, 413, 415, 419, 422, 425, 426, 429, 431, 435, 436, 441, 442, 445, 447, 448, 449, 454, 457, 463, 464, 465, 467, 471, 473, 477, 478, 479, 480, 481, 486, 489, 492, 493]}}, {"model": "hw11.store", "pk": 4, "fields": {"name": "Michael Figueroa's Book Store", "books": [2, 8, 9, 10, 22, 26, 27, 28, 29, 32, 33, 38, 40, 41, 42, 43, 44, 45, 46, 48, 52, 57, 58, 61, 67, 68, 71, 73, 74, 79, 80, 81, 87, 90, 94, 99, 101, 106, 110, 113, 121, 124, 125, 128, 129, 130, 133, 136, 138, 140, 142, 143, 153, 160, 165, 170, 175, 176, 180, 184, 186, 191, 195, 200, 201, 204, 205, 206, 209, 215, 217, 218, 221, 223, 224, 225, 230, 233, 241, 243, 244, 245, 246, 247, 250, 255, 256, 265, 266, 268, 272, 274, 281, 282, 286, 290, 293, 294, 296, 298, 302, 303, 306, 310, 311, 312, 313, 318, 319, 320, 324, 329, 331, 337, 339, 348, 349, 356, 365, 370, 371, 376, 377, 381, 384, 387, 391, 394, 397, 403, 405, 409, 412, 417, 425, 430, 433, 434, 437, 438, 447, 450, 453, 455, 457, 458, 467, 469, 470, 473, 474, 476, 481, 482, 484, 490, 492, 493, 497, 499]}}, {"model": "hw11.store", "pk": 5, "fields": {"name": "Sarah Simpson's Book Store", "books": [2, 21, 31, 33, 36, 45, 46, 53, 54, 56, 60, 63, 74, 79, 97, 102, 103, 109, 110, 115, 119, 122, 133, 134, 136, 142, 145, 157, 158, 160, 169, 180, 186, 191, 194, 197, 203, 205, 206, 214, 216, 225, 249, 251, 253, 258, 264, 266, 273, 276, 277, 278, 286, 294, 299, 300, 303, 304, 308, 314, 318, 319, 328, 332, 338, 353, 365, 367, 378, 387, 389, 390, 391, 392, 399, 400, 414, 424, 430, 435, 445, 449, 450, 462, 464, 468, 472, 481, 486, 493]}}, {"model": "hw11.store", "pk": 6, "fields": {"name": "Samuel Ortiz's Book Store", "books": [32, 44, 71, 135, 185, 205, 264, 287, 291, 304, 322, 341, 456, 488, 496]}}, {"model": "hw11.store", "pk": 7, "fields": {"name": "Roy Frost's Book Store", "books": [2, 4, 6, 8, 12, 14, 15, 16, 19, 26, 28, 29, 31, 34, 35, 37, 40, 42, 44, 46, 47, 48, 49, 50, 53, 54, 55, 56, 57, 58, 59, 60, 62, 64, 65, 68, 70, 72, 73, 76, 80, 82, 86, 87, 91, 92, 94, 96, 97, 100, 101, 102, 103, 107, 108, 113, 114, 115, 116, 117, 120, 124, 125, 126, 131, 132, 134, 136, 137, 138, 140, 142, 143, 144, 145, 147, 150, 153, 156, 157, 159, 162, 163, 164, 165, 166, 167, 169, 171, 173, 174, 176, 180, 181, 182, 185, 187, 188, 190, 191, 192, 194, 196, 198, 200, 202, 203, 205, 207, 209, 212, 213, 216, 220, 221, 223, 224, 225, 226, 227, 229, 231, 234, 237, 241, 243, 244, 248, 249, 252, 253, 254, 256, 257, 264, 271, 273, 274, 275, 280, 283, 284, 294, 295, 300, 301, 302, 303, 304, 305, 307, 308, 309, 310, 311, 312, 313, 314, 315, 316, 318, 319, 320, 322, 324, 328, 329, 330, 331, 332, 335, 336, 338, 339, 342, 344, 345, 347, 353, 357, 358, 359, 360, 368, 373, 378, 380, 381, 382, 383, 384, 385, 387, 389, 392, 394, 395, 397, 400, 402, 403, 404, 405, 407, 408, 409, 414, 415, 417, 419, 421, 422, 425, 429, 433, 434, 436, 437, 445, 446, 447, 449, 451, 453, 455, 456, 458, 460, 461, 462, 463, 464, 467, 470, 471, 473, 474, 484, 485, 486, 487, 491, 493, 496, 497, 499]}}, {"model": "hw11.store", "pk": 8, "fields": {"name": "Tina Young's Book Store", "books": [3, 5, 8, 13, 14, 15, 16, 19, 21, 24, 30, 31, 32, 33, 34, 35, 37, 39, 41, 44, 48, 50, 53, 56, 59, 61, 62, 64, 67, 68, 69, 75, 76, 77, 79, 81, 82, 84, 86, 89, 90, 91, 92, 93, 95, 98, 99, 100, 101, 102, 106, 108, 109, 113, 115, 119, 120, 126, 127, 129, 131, 132, 133, 134, 135, 136, 138, 140, 141, 143, 144, 146, 147, 149, 151, 153, 155, 157, 158, 160, 161, 163, 167, 168, 169, 171, 173, 174, 175, 176, 179, 180, 183, 185, 188, 189, 191, 198, 200, 201, 209, 215, 216, 217, 220, 226, 227, 236, 238, 239, 240, 241, 243, 253, 256, 259, 260, 261, 262, 263, 264, 267, 269, 271, 272, 273, 274, 275, 279, 280, 284, 287, 288, 290, 294, 297, 299, 302, 303, 304, 306, 307, 308, 310, 313, 314, 316, 318, 320, 323, 326, 329, 330, 333, 334, 339, 340, 341, 344, 348, 349, 351, 352, 355, 356, 358, 359, 361, 362, 363, 366, 369, 371, 372, 373, 376, 378, 379, 385, 386, 387, 390, 393, 398, 400, 402, 404, 405, 406, 411, 413, 418, 419, 423, 424, 426, 430, 433, 434, 435, 437, 438, 441, 442, 443, 445, 447, 448, 449, 452, 453, 458, 459, 462, 463, 465, 472, 475, 479, 480, 484, 487, 488, 492, 495, 496, 499, 500]}}, {"model": "hw11.store", "pk": 9, "fields": {"name": "Mark Adkins's Book Store", "books": [4, 9, 12, 15, 18, 20, 22, 25, 28, 30, 32, 36, 38, 40, 41, 42, 44, 46, 50, 51, 52, 53, 60, 61, 64, 65, 66, 67, 69, 71, 74, 79, 80, 82, 83, 86, 87, 88, 89, 90, 91, 92, 93, 94, 96, 98, 99, 101, 102, 104, 110, 112, 115, 120, 128, 129, 131, 133, 136, 137, 138, 142, 144, 147, 149, 151, 152, 153, 157, 160, 161, 163, 164, 167, 168, 169, 171, 176, 177, 178, 179, 182, 192, 197, 198, 199, 200, 202, 204, 205, 207, 208, 209, 211, 212, 214, 217, 218, 220, 221, 224, 225, 229, 230, 231, 234, 236, 239, 241, 243, 244, 246, 247, 248, 249, 252, 256, 258, 259, 261, 262, 266, 268, 269, 272, 273, 274, 276, 278, 281, 286, 287, 288, 290, 292, 293, 295, 296, 297, 298, 303, 307, 309, 310, 311, 312, 315, 316, 317, 318, 322, 326, 327, 331, 334, 336, 339, 340, 341, 342, 343, 346, 347, 349, 350, 351, 353, 356, 357, 358, 359, 364, 365, 371, 373, 374, 376, 377, 383, 384, 385, 386, 387, 388, 389, 391, 392, 393, 396, 398, 400, 402, 404, 405, 408, 409, 413, 414, 415, 416, 418, 419, 421, 422, 426, 433, 434, 436, 437, 439, 441, 442, 443, 444, 445, 446, 448, 453, 454, 455, 457, 458, 465, 467, 468, 470, 472, 473, 474, 477, 478, 479, 480, 481, 484, 486, 487, 489, 490, 500]}}, {"model": "hw11.store", "pk": 10, "fields": {"name": "Cheryl Carlson's Book Store", "books": [4, 5, 6, 7, 8, 11, 12, 14, 19, 22, 32, 34, 39, 40, 43, 47, 49, 50, 52, 56, 58, 60, 61, 67, 68, 69, 70, 74, 75, 78, 79, 82, 84, 87, 88, 91, 93, 99, 100, 101, 102, 103, 104, 106, 107, 110, 111, 116, 130, 133, 135, 137, 144, 147, 152, 154, 158, 160, 161, 162, 163, 165, 167, 168, 170, 180, 181, 182, 185, 190, 193, 194, 195, 196, 197, 198, 203, 204, 206, 209, 212, 219, 220, 223, 224, 229, 230, 231, 232, 233, 235, 239, 240, 245, 253, 255, 259, 261, 263, 266, 276, 277, 278, 279, 281, 282, 286, 287, 290, 293, 294, 300, 301, 303, 307, 309, 310, 313, 314, 315, 317, 318, 319, 320, 322, 323, 324, 326, 327, 330, 334, 335, 337, 340, 342, 343, 345, 351, 353, 354, 355, 356, 357, 359, 362, 366, 367, 368, 369, 371, 372, 374, 377, 383, 384, 385, 389, 391, 395, 396, 403, 404, 407, 412, 414, 416, 418, 420, 422, 424, 425, 426, 427, 431, 434, 440, 443, 448, 450, 452, 459, 460, 469, 470, 471, 473, 474, 478, 479, 482, 484, 485, 486, 487, 488, 489, 490, 493, 494, 495, 496, 497, 498]}}, {"model": "hw11.store", "pk": 11, "fields": {"name": "John Hogan's Book Store", "books": [2, 3, 4, 7, 9, 10, 11, 13, 18, 26, 28, 29, 30, 34, 39, 41, 42, 45, 49, 52, 53, 54, 55, 56, 57, 58, 60, 61, 62, 64, 68, 69, 74, 77, 79, 81, 83, 84, 85, 86, 87, 89, 90, 92, 95, 96, 97, 102, 103, 104, 105, 106, 107, 108, 113, 114, 116, 117, 118, 120, 121, 124, 126, 128, 131, 134, 136, 139, 140, 141, 143, 144, 148, 150, 151, 152, 156, 158, 159, 162, 163, 165, 166, 168, 170, 175, 176, 177, 178, 180, 184, 185, 187, 189, 195, 196, 197, 198, 199, 200, 206, 208, 209, 210, 211, 214, 216, 217, 220, 221, 222, 223, 225, 228, 229, 230, 235, 236, 237, 241, 245, 247, 248, 251, 253, 254, 255, 257, 258, 260, 262, 263, 266, 267, 268, 272, 273, 275, 277, 279, 280, 281, 282, 283, 284, 285, 288, 289, 291, 292, 293, 296, 297, 298, 300, 301, 303, 304, 308, 309, 311, 313, 320, 322, 323, 324, 326, 328, 330, 333, 335, 336, 337, 339, 343, 346, 347, 348, 352, 356, 357, 358, 359, 360, 363, 366, 368, 372, 374, 375, 376, 377, 378, 379, 380, 381, 383, 385, 386, 388, 389, 390, 391, 393, 395, 396, 397, 401, 402, 406, 409, 419, 421, 422, 423, 424, 427, 430, 431, 432, 433, 435, 438, 443, 445, 446, 447, 448, 449, 451, 452, 453, 454, 456, 457, 462, 464, 465, 467, 472, 477, 479, 481, 483, 484, 486, 488, 489, 493, 495, 496, 497, 499]}}, {"model": "hw11.store", "pk": 12, "fields": {"name": "Loretta George's Book Store", "books": [3, 9, 16, 19, 20, 30, 35, 36, 39, 44, 46, 48, 52, 54, 58, 59, 60, 65, 68, 71, 72, 73, 75, 77, 83, 86, 90, 91, 97, 99, 111, 114, 116, 120, 129, 130, 133, 135, 136, 139, 145, 147, 150, 152, 156, 159, 162, 164, 165, 168, 169, 171, 172, 174, 178, 183, 187, 188, 198, 204, 231, 233, 235, 239, 240, 241, 242, 244, 247, 252, 255, 257, 262, 268, 276, 277, 280, 284, 285, 295, 296, 300, 302, 310, 313, 314, 318, 323, 325, 327, 331, 334, 335, 336, 340, 342, 344, 347, 354, 356, 364, 365, 371, 372, 376, 378, 382, 384, 386, 388, 390, 401, 405, 413, 414, 415, 419, 420, 422, 429, 431, 433, 437, 442, 444, 447, 448, 451, 460, 462, 466, 467, 470, 477, 478, 479, 483, 484, 486, 487, 489, 493, 496]}}, {"model": "hw11.store", "pk": 13, "fields": {"name": "Claudia Parsons's Book Store", "books": [1, 4, 5, 7, 9, 11, 13, 14, 16, 17, 20, 24, 27, 33, 39, 40, 42, 43, 45, 49, 56, 58, 59, 60, 61, 62, 64, 71, 72, 74, 76, 81, 82, 83, 84, 88, 92, 93, 94, 95, 98, 99, 100, 106, 108, 109, 110, 111, 112, 119, 120, 122, 126, 128, 136, 140, 142, 143, 146, 147, 148, 149, 150, 156, 157, 159, 160, 162, 163, 164, 166, 167, 168, 171, 172, 173, 174, 175, 176, 179, 182, 187, 189, 192, 193, 195, 197, 200, 201, 202, 204, 206, 208, 214, 221, 222, 224, 225, 227, 231, 234, 237, 239, 240, 243, 247, 249, 251, 253, 254, 261, 264, 265, 267, 270, 271, 272, 275, 276, 279, 281, 283, 285, 288, 292, 296, 299, 302, 303, 306, 308, 309, 311, 312, 314, 318, 319, 320, 321, 323, 326, 328, 329, 331, 332, 333, 335, 337, 339, 341, 344, 345, 347, 350, 351, 356, 357, 358, 360, 361, 362, 363, 365, 367, 370, 372, 376, 379, 380, 381, 384, 385, 386, 388, 391, 394, 397, 406, 407, 411, 413, 416, 417, 418, 420, 424, 427, 428, 430, 435, 440, 441, 446, 449, 451, 453, 459, 461, 462, 465, 467, 470, 471, 476, 478, 479, 480, 484, 487, 492, 493, 494, 495, 498, 499]}}, {"model": "hw11.store", "pk": 14, "fields": {"name": "Kevin Vang's Book Store", "books": [1, 5, 11, 14, 23, 29, 32, 38, 43, 45, 46, 48, 51, 56, 61, 62, 64, 65, 67, 68, 71, 72, 73, 79, 81, 85, 94, 96, 97, 98, 100, 109, 110, 113, 114, 116, 121, 124, 127, 128, 129, 131, 133, 137, 138, 139, 140, 143, 146, 149, 150, 151, 153, 154, 155, 156, 157, 164, 167, 173, 174, 175, 179, 180, 182, 183, 184, 189, 193, 194, 195, 197, 199, 200, 204, 206, 208, 216, 217, 219, 221, 225, 226, 231, 236, 242, 245, 247, 248, 250, 251, 252, 253, 257, 258, 260, 261, 263, 265, 268, 273, 281, 283, 295, 299, 308, 310, 314, 315, 316, 320, 322, 326, 327, 331, 338, 339, 343, 344, 346, 351, 352, 353, 354, 356, 358, 359, 361, 365, 367, 371, 382, 384, 386, 389, 391, 393, 398, 399, 402, 404, 406, 411, 414, 415, 417, 418, 421, 423, 425, 426, 427, 430, 432, 433, 439, 440, 441, 446, 450, 451, 454, 456, 458, 459, 461, 467, 468, 469, 471, 472, 473, 474, 475, 480, 482, 492, 494, 498, 500]}}, {"model": "hw11.store", "pk": 15, "fields": {"name": "Randall Henderson's Book Store", "books": [5, 6, 10, 11, 17, 26, 30, 34, 42, 60, 61, 68, 85, 86, 94, 95, 100, 104, 106, 108, 113, 125, 131, 133, 134, 142, 147, 151, 152, 160, 177, 178, 182, 188, 195, 199, 200, 208, 214, 217, 226, 227, 231, 237, 250, 254, 256, 265, 269, 275, 280, 290, 293, 302, 309, 314, 315, 316, 320, 325, 331, 334, 335, 346, 360, 375, 379, 381, 383, 388, 392, 393, 394, 399, 404, 418, 419, 424, 443, 458, 465, 474, 481, 483, 485, 487]}}, {"model": "hw11.store", "pk": 16, "fields": {"name": "Brittany Costa's Book Store", "books": [2, 11, 30, 60, 61, 74, 80, 87, 95, 103, 136, 142, 144, 147, 160, 188, 226, 255, 257, 258, 273, 274, 287, 293, 331, 351, 353, 359, 420, 430, 432, 452, 455, 466, 480, 484, 491, 494]}}, {"model": "hw11.store", "pk": 17, "fields": {"name": "Larry Stewart's Book Store", "books": [4, 5, 6, 7, 8, 9, 10, 11, 13, 14, 15, 17, 20, 21, 23, 25, 26, 27, 28, 29, 30, 31, 33, 36, 37, 43, 45, 46, 47, 50, 52, 53, 54, 55, 57, 60, 62, 67, 68, 70, 75, 77, 78, 80, 81, 82, 84, 86, 87, 90, 94, 95, 96, 97, 98, 100, 102, 104, 106, 107, 109, 111, 113, 114, 116, 118, 120, 127, 130, 133, 136, 138, 139, 142, 143, 144, 145, 146, 147, 148, 150, 152, 153, 154, 155, 157, 159, 160, 163, 164, 167, 168, 169, 171, 172, 174, 178, 179, 180, 182, 184, 187, 188, 189, 190, 192, 193, 195, 196, 197, 198, 200, 201, 207, 212, 213, 214, 216, 219, 221, 222, 226, 230, 232, 233, 235, 236, 238, 241, 244, 245, 246, 249, 250, 251, 252, 255, 256, 257, 258, 261, 262, 263, 266, 269, 270, 274, 277, 280, 282, 283, 286, 288, 295, 299, 301, 306, 309, 312, 313, 314, 318, 319, 320, 323, 326, 327, 328, 329, 330, 333, 334, 335, 337, 338, 339, 340, 343, 344, 346, 347, 348, 351, 352, 353, 360, 361, 362, 363, 364, 365, 366, 367, 368, 369, 372, 374, 375, 376, 379, 380, 381, 382, 386, 389, 392, 395, 397, 398, 400, 401, 403, 407, 409, 410, 411, 414, 415, 419, 421, 425, 427, 429, 430, 433, 434, 438, 441, 442, 443, 444, 446, 447, 449, 450, 456, 457, 462, 463, 469, 471, 472, 474, 475, 479, 483, 486, 487, 489, 490, 500]}}, {"model": "hw11.store", "pk": 18, "fields": {"name": "Rebecca Sawyer's Book Store", "books": [1, 5, 12, 21, 25, 30, 34, 35, 36, 38, 42, 43, 45, 49, 59, 64, 69, 70, 74, 80, 81, 86, 88, 89, 92, 99, 104, 105, 106, 111, 113, 117, 118, 119, 123, 124, 127, 133, 138, 140, 145, 150, 156, 158, 162, 164, 166, 174, 180, 185, 191, 192, 196, 208, 209, 211, 212, 214, 217, 223, 226, 229, 230, 232, 233, 241, 243, 245, 247, 249, 250, 256, 258, 260, 261, 262, 266, 274, 279, 281, 282, 283, 285, 286, 290, 292, 297, 298, 299, 304, 307, 315, 316, 317, 318, 321, 322, 325, 329, 335, 336, 338, 342, 343, 348, 352, 353, 364, 366, 370, 374, 380, 382, 387, 388, 393, 396, 406, 411, 413, 414, 421, 423, 424, 426, 428, 432, 433, 435, 444, 451, 452, 454, 457, 459, 460, 473, 485, 487, 490, 493, 494, 497, 498, 500]}}, {"model": "hw11.store", "pk": 19, "fields": {"name": "Aaron Arias's Book Store", "books": [6, 7, 9, 13, 27, 29, 36, 37, 38, 41, 43, 47, 58, 59, 67, 68, 69, 70, 78, 80, 85, 86, 91, 98, 102, 107, 116, 117, 123, 131, 133, 136, 140, 148, 153, 154, 165, 166, 171, 173, 176, 187, 188, 207, 214, 215, 219, 221, 223, 226, 228, 229, 239, 250, 257, 259, 261, 262, 263, 268, 270, 271, 277, 279, 280, 281, 283, 287, 288, 292, 293, 294, 295, 297, 301, 303, 309, 314, 319, 322, 324, 325, 327, 328, 329, 338, 343, 359, 360, 363, 365, 366, 368, 374, 378, 379, 388, 398, 400, 406, 407, 409, 413, 415, 419, 426, 432, 436, 452, 456, 457, 461, 466, 479, 485, 495]}}, {"model": "hw11.store", "pk": 20, "fields": {"name": "Juan Cole's Book Store", "books": [3, 4, 5, 8, 10, 11, 16, 21, 22, 24, 25, 26, 30, 31, 33, 34, 37, 39, 40, 44, 46, 48, 49, 53, 56, 58, 64, 67, 69, 70, 71, 72, 73, 76, 79, 86, 88, 89, 91, 95, 99, 105, 109, 110, 111, 121, 122, 123, 127, 128, 129, 134, 135, 138, 139, 140, 141, 142, 144, 146, 148, 156, 157, 160, 161, 165, 167, 174, 179, 185, 186, 187, 188, 189, 190, 193, 197, 198, 199, 204, 206, 208, 212, 216, 217, 220, 223, 227, 228, 233, 235, 236, 238, 239, 240, 247, 252, 253, 254, 258, 259, 260, 262, 265, 269, 271, 272, 274, 275, 278, 284, 285, 289, 292, 294, 296, 297, 299, 301, 302, 304, 307, 308, 310, 314, 317, 319, 321, 322, 323, 325, 326, 330, 333, 335, 336, 337, 339, 345, 347, 348, 349, 350, 362, 365, 368, 373, 374, 375, 376, 379, 380, 384, 385, 386, 389, 390, 394, 395, 401, 402, 404, 407, 409, 410, 411, 412, 415, 417, 420, 423, 424, 425, 428, 429, 432, 433, 434, 435, 436, 437, 440, 442, 449, 450, 455, 459, 461, 467, 468, 469, 471, 472, 478, 479, 481, 485, 487, 492, 498]}}, {"model": "hw11.store", "pk": 21, "fields": {"name": "Jack Thornton's Book Store", "books": [4, 7, 8, 10, 11, 14, 16, 18, 19, 20, 21, 24, 25, 27, 28, 31, 33, 39, 42, 47, 48, 49, 51, 52, 54, 55, 58, 59, 60, 61, 63, 66, 70, 72, 74, 76, 77, 79, 81, 84, 85, 86, 87, 88, 89, 90, 91, 94, 96, 97, 100, 101, 106, 109, 114, 117, 120, 123, 125, 126, 132, 133, 135, 136, 139, 142, 144, 145, 146, 148, 152, 153, 159, 160, 162, 163, 169, 170, 175, 176, 178, 179, 182, 184, 185, 187, 193, 194, 195, 196, 197, 200, 203, 205, 208, 210, 211, 212, 213, 217, 218, 219, 221, 222, 224, 227, 229, 230, 231, 232, 233, 234, 237, 241, 243, 244, 245, 246, 247, 250, 251, 252, 256, 263, 265, 267, 269, 272, 274, 276, 277, 278, 279, 280, 281, 282, 283, 284, 285, 287, 291, 293, 294, 296, 297, 298, 299, 301, 302, 303, 304, 305, 311, 312, 313, 316, 323, 329, 330, 331, 332, 333, 337, 339, 343, 344, 345, 346, 347, 348, 351, 353, 354, 357, 361, 363, 364, 366, 367, 369, 370, 371, 375, 379, 381, 387, 388, 389, 390, 393, 396, 397, 398, 399, 401, 402, 403, 407, 408, 411, 412, 414, 418, 421, 423, 424, 427, 428, 430, 433, 435, 436, 439, 440, 442, 444, 445, 446, 447, 448, 450, 451, 452, 454, 459, 462, 463, 464, 465, 466, 467, 468, 474, 480, 482, 485, 489, 493, 494, 495, 496, 498, 499, 500]}}, {"model": "hw11.store", "pk": 22, "fields": {"name": "Edwin Johnson's Book Store", "books": [3, 16, 18, 24, 32, 34, 40, 41, 43, 44, 45, 58, 72, 75, 82, 85, 101, 102, 103, 112, 116, 124, 131, 133, 134, 139, 140, 150, 159, 161, 163, 164, 166, 177, 184, 193, 197, 202, 207, 215, 217, 240, 241, 243, 246, 258, 262, 264, 266, 274, 276, 278, 292, 300, 308, 314, 316, 319, 327, 336, 338, 348, 351, 359, 361, 365, 368, 370, 371, 379, 391, 393, 397, 410, 418, 419, 422, 437, 441, 442, 443, 453, 459, 465, 473, 479, 484]}}, {"model": "hw11.store", "pk": 23, "fields": {"name": "Beverly Conley's Book Store", "books": [1, 5, 11, 13, 16, 18, 19, 24, 26, 32, 34, 39, 41, 43, 47, 48, 50, 52, 54, 55, 60, 66, 72, 76, 77, 78, 79, 80, 82, 84, 85, 86, 88, 89, 91, 92, 95, 99, 102, 103, 105, 110, 111, 114, 116, 117, 119, 123, 127, 128, 133, 134, 136, 137, 138, 140, 144, 155, 157, 159, 160, 164, 165, 166, 169, 176, 177, 179, 180, 183, 186, 187, 188, 189, 191, 193, 194, 197, 200, 203, 204, 206, 207, 209, 214, 216, 219, 220, 224, 225, 226, 229, 230, 234, 236, 237, 238, 244, 246, 249, 250, 252, 253, 255, 257, 259, 260, 262, 265, 268, 269, 270, 272, 276, 277, 281, 282, 284, 286, 287, 288, 290, 292, 294, 295, 296, 297, 299, 300, 301, 303, 306, 309, 310, 311, 315, 317, 319, 321, 323, 324, 326, 327, 329, 330, 332, 334, 338, 341, 342, 345, 353, 359, 360, 362, 364, 366, 368, 369, 370, 372, 373, 377, 380, 381, 384, 385, 389, 400, 401, 403, 406, 409, 411, 415, 417, 419, 420, 424, 428, 430, 431, 433, 437, 438, 440, 444, 445, 447, 449, 451, 454, 463, 467, 468, 470, 475, 476, 477, 478, 484, 485, 490, 491, 496, 499, 500]}}, {"model": "hw11.store", "pk": 24, "fields": {"name": "Gregory Foster's Book Store", "books": [1, 7, 19, 20, 21, 24, 26, 27, 31, 32, 41, 43, 47, 48, 51, 61, 65, 70, 71, 73, 74, 81, 83, 85, 86, 93, 99, 102, 104, 106, 111, 114, 115, 116, 120, 127, 129, 133, 134, 144, 145, 147, 150, 151, 153, 156, 157, 159, 161, 166, 167, 169, 172, 173, 179, 192, 195, 200, 203, 209, 218, 219, 224, 226, 227, 230, 243, 244, 245, 246, 249, 253, 255, 258, 269, 272, 273, 274, 277, 280, 284, 299, 304, 312, 325, 327, 333, 335, 342, 344, 375, 376, 377, 378, 379, 380, 382, 383, 385, 386, 390, 391, 395, 397, 399, 402, 413, 416, 422, 424, 429, 431, 433, 437, 445, 446, 449, 453, 457, 466, 472, 478, 479, 484, 488, 490, 491, 494]}}, {"model": "hw11.store", "pk": 25, "fields": {"name": "Joshua Gonzales's Book Store", "books": [2, 4, 7, 8, 9, 10, 22, 23, 24, 26, 29, 35, 37, 45, 47, 49, 55, 57, 58, 66, 67, 70, 72, 76, 84, 87, 90, 91, 93, 95, 96, 101, 102, 107, 108, 112, 113, 118, 123, 124, 126, 131, 133, 141, 143, 144, 146, 152, 158, 161, 162, 164, 168, 171, 175, 178, 181, 183, 184, 188, 191, 193, 194, 196, 201, 202, 207, 208, 209, 212, 214, 216, 217, 218, 219, 221, 222, 223, 224, 226, 229, 230, 231, 234, 235, 236, 246, 250, 253, 256, 266, 268, 270, 274, 276, 281, 285, 286, 289, 290, 291, 293, 297, 301, 308, 311, 312, 314, 315, 316, 328, 330, 332, 338, 339, 340, 350, 353, 354, 355, 358, 361, 362, 368, 372, 374, 375, 376, 380, 392, 394, 400, 402, 406, 407, 409, 411, 414, 416, 417, 419, 423, 427, 432, 433, 442, 444, 445, 450, 456, 457, 459, 465, 468, 473, 474, 477, 480, 481, 483, 484, 486, 488, 494, 499]}}, {"model": "hw11.store", "pk": 26, "fields": {"name": "Lisa Gilbert's Book Store", "books": [1, 3, 4, 5, 8, 10, 11, 12, 13, 15, 16, 17, 18, 19, 22, 23, 26, 28, 29, 30, 31, 33, 34, 35, 36, 38, 41, 43, 44, 45, 52, 56, 57, 60, 63, 64, 65, 66, 69, 70, 71, 75, 80, 82, 84, 85, 87, 88, 92, 96, 98, 102, 104, 105, 108, 110, 116, 119, 120, 122, 124, 126, 127, 129, 130, 131, 132, 136, 137, 139, 142, 143, 145, 147, 149, 150, 152, 153, 158, 159, 160, 161, 162, 163, 169, 170, 171, 172, 174, 176, 179, 183, 186, 187, 188, 191, 192, 194, 196, 201, 202, 204, 209, 210, 212, 215, 216, 218, 220, 224, 225, 226, 229, 230, 234, 235, 238, 239, 241, 242, 246, 247, 252, 253, 254, 255, 257, 258, 262, 264, 265, 266, 267, 269, 273, 274, 279, 281, 282, 283, 284, 286, 288, 290, 292, 294, 295, 297, 298, 304, 307, 308, 310, 311, 313, 315, 318, 319, 320, 321, 323, 324, 325, 326, 327, 329, 330, 331, 332, 333, 335, 336, 341, 344, 346, 350, 352, 353, 356, 357, 358, 359, 361, 367, 368, 369, 370, 371, 376, 378, 380, 381, 382, 383, 387, 389, 390, 393, 396, 399, 403, 405, 406, 407, 408, 409, 412, 413, 414, 417, 418, 419, 421, 423, 424, 426, 427, 429, 431, 432, 433, 434, 438, 440, 441, 442, 444, 445, 446, 447, 448, 450, 451, 453, 454, 456, 458, 459, 460, 462, 465, 469, 471, 472, 477, 478, 479, 481, 483, 487, 488, 489, 491, 495, 496, 497, 499]}}, {"model": "hw11.store", "pk": 27, "fields": {"name": "Linda Washington's Book Store", "books": [2, 12, 22, 25, 27, 28, 29, 31, 35, 36, 39, 43, 44, 52, 57, 62, 63, 64, 66, 67, 69, 70, 72, 75, 77, 82, 85, 91, 94, 95, 96, 97, 99, 101, 104, 107, 108, 111, 113, 117, 121, 125, 128, 131, 138, 139, 141, 148, 149, 150, 153, 158, 168, 171, 179, 182, 188, 189, 192, 193, 194, 200, 204, 207, 211, 220, 221, 229, 232, 238, 242, 243, 248, 250, 251, 254, 255, 257, 258, 259, 263, 266, 268, 278, 285, 288, 294, 297, 298, 300, 303, 308, 310, 313, 314, 318, 325, 333, 334, 336, 338, 340, 344, 360, 363, 364, 369, 373, 378, 382, 389, 392, 394, 395, 396, 397, 398, 399, 402, 405, 410, 411, 414, 417, 418, 421, 422, 425, 428, 434, 441, 443, 456, 457, 458, 470, 472, 477, 483, 487, 493, 497, 498, 500]}}, {"model": "hw11.store", "pk": 28, "fields": {"name": "Bryan Bates's Book Store", "books": [3, 7, 9, 12, 13, 22, 30, 48, 71, 75, 86, 99, 102, 108, 111, 112, 117, 128, 131, 148, 155, 156, 177, 180, 183, 205, 206, 211, 212, 224, 228, 236, 246, 248, 250, 254, 256, 257, 260, 284, 287, 288, 302, 303, 307, 313, 314, 317, 332, 336, 357, 372, 379, 383, 412, 414, 416, 430, 435, 439, 441, 444, 449, 464, 467, 470, 483, 485, 493, 499]}}, {"model": "hw11.store", "pk": 29, "fields": {"name": "Sara Butler's Book Store", "books": [1, 2, 6, 8, 9, 11, 12, 16, 18, 19, 21, 22, 23, 25, 27, 28, 29, 31, 33, 37, 39, 41, 44, 49, 52, 55, 56, 59, 64, 67, 68, 71, 72, 76, 79, 80, 87, 88, 89, 92, 99, 101, 102, 104, 105, 107, 116, 117, 123, 124, 127, 128, 135, 141, 145, 146, 150, 157, 159, 170, 173, 178, 183, 193, 194, 195, 200, 201, 203, 204, 206, 208, 209, 210, 216, 218, 219, 221, 223, 225, 227, 230, 231, 235, 236, 237, 239, 240, 241, 243, 249, 252, 253, 254, 259, 270, 273, 274, 275, 277, 278, 279, 282, 286, 287, 288, 294, 295, 296, 298, 299, 301, 303, 310, 311, 313, 315, 318, 320, 321, 322, 323, 325, 326, 327, 329, 334, 335, 343, 344, 346, 348, 349, 350, 351, 352, 354, 355, 360, 362, 363, 364, 368, 370, 372, 377, 378, 380, 383, 384, 385, 387, 388, 390, 392, 393, 395, 397, 406, 409, 411, 414, 415, 417, 419, 424, 425, 427, 432, 435, 437, 439, 443, 446, 454, 457, 460, 462, 463, 466, 483, 485, 488, 491, 492, 495, 496, 497]}}, {"model": "hw11.store", "pk": 30, "fields": {"name": "Shawn Allen's Book Store", "books": [2, 4, 7, 13, 16, 17, 18, 19, 26, 30, 31, 32, 37, 38, 42, 48, 49, 50, 51, 52, 54, 58, 59, 62, 64, 70, 71, 77, 80, 81, 82, 83, 87, 88, 89, 90, 93, 95, 100, 102, 103, 107, 108, 110, 111, 112, 113, 115, 116, 118, 119, 120, 121, 123, 124, 125, 127, 139, 142, 144, 147, 148, 149, 153, 154, 155, 158, 160, 161, 165, 166, 170, 173, 175, 176, 180, 183, 184, 185, 186, 187, 188, 190, 191, 196, 197, 203, 204, 206, 207, 208, 209, 210, 213, 214, 215, 216, 218, 220, 222, 229, 233, 234, 235, 238, 240, 242, 246, 248, 250, 253, 254, 259, 261, 263, 265, 266, 269, 271, 274, 278, 280, 285, 287, 288, 289, 292, 293, 295, 298, 299, 300, 301, 302, 303, 304, 308, 311, 312, 315, 316, 317, 318, 319, 320, 323, 331, 332, 335, 340, 343, 345, 347, 349, 351, 353, 355, 358, 359, 361, 363, 364, 365, 366, 367, 369, 370, 372, 374, 376, 377, 378, 380, 381, 384, 389, 390, 393, 394, 396, 399, 404, 408, 410, 412, 415, 416, 418, 419, 424, 426, 428, 432, 437, 440, 441, 443, 444, 446, 450, 453, 459, 461, 463, 464, 466, 467, 468, 469, 471, 473, 475, 476, 477, 479, 486, 489, 492, 494, 497]}}, {"model": "hw11.store", "pk": 31, "fields": {"name": "Judy Jordan's Book Store", "books": [7, 68, 207, 215, 261, 275, 310, 318, 324, 390, 423]}}, {"model": "hw11.store", "pk": 32, "fields": {"name": "Courtney Foster's Book Store", "books": [8, 15, 19, 25, 35, 36, 37, 38, 40, 41, 46, 53, 54, 58, 59, 61, 65, 66, 73, 77, 78, 82, 86, 88, 98, 105, 110, 121, 122, 124, 127, 129, 132, 141, 147, 149, 154, 158, 159, 164, 165, 169, 176, 179, 180, 181, 185, 189, 190, 201, 204, 206, 213, 214, 215, 218, 220, 226, 227, 230, 231, 232, 233, 236, 241, 248, 254, 255, 261, 265, 272, 274, 284, 285, 288, 296, 299, 302, 303, 305, 306, 307, 312, 313, 315, 318, 319, 320, 323, 324, 333, 335, 337, 339, 341, 343, 345, 346, 349, 355, 358, 360, 365, 367, 372, 381, 386, 388, 389, 391, 394, 409, 411, 412, 413, 416, 417, 421, 424, 429, 431, 436, 443, 445, 447, 450, 455, 460, 461, 464, 466, 470, 473, 475, 478, 479, 480, 484, 490]}}, {"model": "hw11.store", "pk": 33, "fields": {"name": "Lauren Weber's Book Store", "books": [2, 3, 7, 9, 12, 14, 15, 18, 19, 23, 25, 30, 31, 33, 34, 39, 43, 50, 54, 59, 61, 63, 64, 65, 66, 73, 76, 82, 84, 87, 89, 90, 92, 93, 101, 103, 105, 108, 111, 113, 124, 126, 127, 129, 142, 144, 145, 155, 161, 164, 167, 175, 178, 186, 194, 196, 200, 203, 208, 220, 230, 232, 236, 248, 251, 256, 260, 262, 271, 275, 278, 287, 290, 291, 294, 304, 309, 312, 313, 326, 331, 333, 338, 342, 354, 360, 366, 371, 377, 382, 385, 398, 403, 407, 426, 427, 428, 434, 440, 441, 443, 444, 446, 447, 455, 458, 468, 469, 474, 477, 478, 480, 482, 483, 498]}}, {"model": "hw11.store", "pk": 34, "fields": {"name": "Debra Daniel's Book Store", "books": [2, 8, 30, 33, 39, 41, 43, 45, 46, 47, 48, 56, 88, 96, 107, 108, 111, 121, 146, 161, 176, 215, 218, 228, 231, 240, 250, 287, 292, 314, 317, 352, 370, 383, 395, 411, 424, 430, 437, 440, 449, 456, 491]}}, {"model": "hw11.store", "pk": 35, "fields": {"name": "Megan Carroll's Book Store", "books": [7, 11, 15, 17, 18, 22, 24, 30, 32, 36, 40, 43, 50, 51, 62, 69, 75, 76, 77, 78, 84, 87, 91, 92, 94, 95, 97, 99, 100, 101, 103, 104, 109, 110, 113, 117, 118, 127, 131, 136, 139, 140, 143, 148, 150, 153, 154, 159, 160, 162, 164, 168, 180, 183, 184, 185, 194, 201, 205, 208, 217, 220, 222, 225, 226, 227, 229, 230, 235, 241, 242, 243, 244, 245, 246, 248, 249, 250, 253, 255, 262, 274, 276, 278, 283, 286, 287, 304, 316, 317, 326, 336, 338, 339, 340, 345, 346, 347, 349, 350, 354, 357, 361, 362, 368, 371, 376, 377, 382, 383, 386, 387, 390, 395, 407, 408, 410, 411, 412, 417, 418, 422, 423, 426, 428, 430, 436, 441, 442, 443, 444, 448, 449, 456, 463, 464, 469, 474, 493]}}, {"model": "hw11.store", "pk": 36, "fields": {"name": "Robert Smith's Book Store", "books": [1, 2, 4, 5, 6, 8, 10, 13, 17, 19, 20, 21, 24, 26, 27, 29, 31, 32, 33, 36, 37, 38, 39, 40, 43, 47, 48, 50, 51, 53, 57, 58, 59, 61, 64, 65, 66, 70, 71, 72, 73, 78, 80, 81, 84, 85, 88, 91, 93, 96, 100, 102, 103, 104, 110, 111, 112, 113, 114, 115, 116, 117, 118, 121, 122, 124, 125, 126, 130, 132, 133, 134, 135, 136, 141, 145, 146, 147, 150, 152, 155, 156, 157, 163, 166, 169, 173, 174, 175, 176, 178, 179, 185, 186, 187, 188, 189, 190, 191, 192, 193, 195, 197, 198, 200, 201, 204, 208, 209, 212, 213, 214, 216, 217, 218, 220, 221, 225, 226, 229, 230, 233, 234, 239, 240, 241, 242, 245, 248, 249, 250, 251, 254, 255, 256, 257, 259, 260, 261, 262, 266, 267, 269, 270, 271, 272, 273, 274, 279, 286, 287, 288, 291, 292, 293, 294, 295, 296, 298, 299, 301, 302, 305, 306, 308, 310, 311, 312, 314, 315, 317, 319, 320, 321, 322, 323, 324, 326, 328, 329, 331, 333, 341, 342, 343, 344, 346, 348, 350, 354, 355, 356, 357, 362, 363, 364, 366, 367, 368, 369, 371, 373, 376, 382, 385, 387, 390, 392, 393, 397, 402, 404, 405, 408, 411, 412, 413, 414, 415, 418, 421, 422, 423, 424, 426, 427, 432, 433, 436, 437, 439, 440, 441, 442, 446, 447, 448, 449, 451, 454, 455, 457, 459, 460, 461, 465, 466, 469, 474, 477, 479, 482, 483, 485, 486, 488, 491, 492, 495, 496, 497, 499]}}, {"model": "hw11.store", "pk": 37, "fields": {"name": "Carol Castro's Book Store", "books": [1, 6, 15, 28, 30, 38, 40, 41, 42, 47, 48, 50, 55, 56, 59, 63, 67, 69, 70, 71, 75, 77, 79, 81, 84, 88, 97, 99, 100, 103, 104, 108, 115, 116, 120, 121, 131, 132, 133, 135, 138, 140, 147, 148, 153, 155, 159, 162, 164, 165, 173, 174, 177, 179, 180, 186, 189, 190, 198, 200, 205, 206, 207, 210, 214, 215, 217, 221, 222, 225, 227, 229, 230, 232, 233, 234, 241, 242, 243, 251, 253, 254, 256, 258, 259, 262, 263, 264, 270, 272, 273, 274, 275, 280, 286, 287, 289, 292, 293, 299, 305, 307, 311, 313, 317, 319, 320, 322, 324, 327, 329, 330, 331, 334, 343, 344, 347, 349, 358, 360, 361, 362, 367, 369, 370, 375, 377, 387, 390, 391, 399, 402, 403, 409, 410, 411, 412, 415, 416, 421, 425, 426, 428, 432, 434, 439, 451, 459, 462, 464, 466, 469, 474, 476, 478, 481, 482, 483, 486, 487, 488, 494, 496, 498, 499, 500]}}, {"model": "hw11.store", "pk": 38, "fields": {"name": "April Little's Book Store", "books": [7, 8, 10, 11, 13, 14, 16, 17, 18, 21, 22, 26, 30, 32, 33, 39, 41, 45, 47, 48, 50, 51, 52, 56, 58, 63, 67, 70, 71, 77, 78, 79, 80, 82, 83, 85, 88, 91, 92, 93, 96, 98, 100, 103, 104, 105, 107, 111, 116, 117, 118, 119, 120, 121, 122, 126, 127, 129, 130, 131, 132, 134, 135, 136, 137, 141, 145, 147, 155, 156, 157, 159, 160, 161, 164, 166, 168, 169, 172, 178, 182, 184, 186, 187, 188, 191, 192, 194, 199, 200, 201, 204, 211, 218, 219, 221, 222, 223, 224, 225, 226, 228, 230, 231, 233, 234, 236, 240, 243, 244, 245, 246, 247, 248, 249, 252, 255, 256, 260, 262, 270, 273, 276, 277, 279, 282, 285, 286, 296, 297, 298, 301, 302, 303, 307, 309, 310, 317, 318, 319, 320, 321, 324, 327, 330, 331, 333, 335, 341, 342, 344, 346, 347, 350, 352, 357, 358, 359, 361, 363, 364, 366, 368, 370, 371, 372, 374, 375, 378, 380, 381, 382, 387, 389, 391, 394, 395, 396, 398, 399, 402, 403, 407, 408, 409, 415, 417, 418, 419, 421, 423, 424, 425, 426, 427, 428, 430, 431, 432, 434, 435, 441, 443, 447, 449, 451, 452, 455, 457, 458, 461, 464, 471, 472, 474, 476, 477, 481, 483, 485, 486, 490, 491, 492, 494, 495, 498, 500]}}, {"model": "hw11.store", "pk": 39, "fields": {"name": "James Colon's Book Store", "books": [3, 15, 23, 26, 32, 35, 53, 58, 59, 60, 69, 72, 73, 76, 80, 82, 89, 93, 95, 102, 104, 105, 110, 111, 112, 113, 119, 123, 126, 127, 139, 144, 148, 150, 155, 156, 159, 161, 162, 164, 168, 172, 187, 188, 200, 201, 208, 214, 215, 218, 220, 221, 222, 224, 233, 243, 244, 255, 260, 262, 263, 274, 276, 277, 278, 280, 282, 284, 288, 292, 296, 297, 304, 306, 307, 311, 317, 318, 323, 326, 328, 343, 344, 346, 352, 356, 371, 372, 375, 384, 385, 387, 394, 399, 402, 403, 405, 407, 410, 411, 414, 421, 422, 429, 435, 442, 445, 446, 452, 453, 457, 460, 464, 468, 469, 473, 474, 482, 486, 487, 493, 495, 496]}}, {"model": "hw11.store", "pk": 40, "fields": {"name": "Robert Reese's Book Store", "books": [2, 7, 9, 13, 15, 18, 19, 22, 25, 28, 47, 61, 62, 63, 74, 76, 79, 84, 89, 93, 100, 113, 115, 117, 125, 131, 143, 145, 149, 154, 174, 176, 193, 195, 198, 208, 211, 218, 240, 255, 268, 306, 310, 323, 325, 326, 332, 337, 339, 354, 359, 362, 364, 369, 371, 372, 375, 380, 403, 415, 429, 450, 453, 470, 480, 495, 499]}}]